                    * webspice studio — generated netlist
                    Transient Analysis  Mon Jul 20 14:57:24  2026
--------------------------------------------------------------------------------
Index   time            V(1)            time            v1#branch       
--------------------------------------------------------------------------------
0	0.000000e+00	1.800000e+00	0.000000e+00	-3.11072e-09	
1	1.000000e-11	1.800000e+00	1.000000e-11	3.800948e-05	
2	2.000000e-11	1.800000e+00	2.000000e-11	3.799578e-05	
3	4.000000e-11	1.800000e+00	4.000000e-11	3.796766e-05	
4	8.000000e-11	1.800000e+00	8.000000e-11	3.793727e-05	
5	1.600000e-10	1.800000e+00	1.600000e-10	3.784023e-05	
6	3.200000e-10	1.800000e+00	3.200000e-10	3.762814e-05	
7	5.000135e-10	1.800000e+00	5.000135e-10	3.722000e-05	
8	7.309138e-10	1.800000e+00	7.309138e-10	3.609215e-05	
9	1.000000e-09	1.800000e+00	1.000000e-09	1.524106e-05	
10	1.017418e-09	1.800000e+00	1.017418e-09	-1.03843e-10	
11	1.052255e-09	1.800000e+00	1.052255e-09	-1.03847e-10	
12	1.121927e-09	1.800000e+00	1.121927e-09	-1.03854e-10	
13	1.261273e-09	1.800000e+00	1.261273e-09	-1.03869e-10	
14	1.539964e-09	1.800000e+00	1.539964e-09	-1.03899e-10	
15	2.097347e-09	1.800000e+00	2.097347e-09	-1.03959e-10	
16	3.212112e-09	1.800000e+00	3.212112e-09	-1.04079e-10	
17	5.441642e-09	1.800000e+00	5.441642e-09	-1.04319e-10	
18	9.900702e-09	1.800000e+00	9.900702e-09	-1.04798e-10	
19	1.881882e-08	1.800000e+00	1.881882e-08	-1.05756e-10	
20	3.665506e-08	1.800000e+00	3.665506e-08	-1.07668e-10	
21	7.232755e-08	1.800000e+00	7.232755e-08	-1.11477e-10	
22	1.436725e-07	1.800000e+00	1.436725e-07	-1.19036e-10	
23	2.863624e-07	1.800000e+00	2.863624e-07	-1.33917e-10	
24	5.717423e-07	1.800000e+00	5.717423e-07	-1.62717e-10	
25	1.142502e-06	1.800000e+00	1.142502e-06	-2.16405e-10	
26	2.284021e-06	1.800000e+00	2.284021e-06	-3.08017e-10	
27	4.567060e-06	1.800000e+00	4.567060e-06	-4.36740e-10	
28	9.133138e-06	1.800000e+00	9.133138e-06	-6.11876e-10	
29	1.826529e-05	1.800000e+00	1.826529e-05	-1.09178e-09	
30	3.652960e-05	1.800000e+00	3.652960e-05	-4.16373e-09	
31	7.305823e-05	1.800000e+00	7.305823e-05	-1.88996e-07	
32	1.461155e-04	1.800000e+00	1.461155e-04	-7.84748e-07	
33	2.461155e-04	1.800000e+00	2.461155e-04	-9.66364e-07	
34	3.163605e-04	1.800000e+00	3.163605e-04	-9.87788e-07	
35	3.264836e-04	1.800000e+00	3.264836e-04	-9.88137e-07	
36	3.395953e-04	1.800000e+00	3.395953e-04	-9.88476e-07	
37	3.546937e-04	1.800000e+00	3.546937e-04	-9.88749e-07	
38	3.848906e-04	1.800000e+00	3.848906e-04	-9.89052e-07	
39	4.132242e-04	1.800000e+00	4.132242e-04	-9.89182e-07	
40	4.373705e-04	1.800000e+00	4.373705e-04	-9.89228e-07	
41	4.631054e-04	1.800000e+00	4.631054e-04	-9.89260e-07	
42	4.908985e-04	1.800000e+00	4.908985e-04	-9.89270e-07	
43	5.226174e-04	1.800000e+00	5.226174e-04	-9.89281e-07	
44	5.579228e-04	1.800000e+00	5.579228e-04	-9.89280e-07	
45	6.018593e-04	1.800000e+00	6.018593e-04	-9.89286e-07	
46	6.591205e-04	1.800000e+00	6.591205e-04	-9.89282e-07	
47	7.438352e-04	1.800000e+00	7.438352e-04	-9.89286e-07	
48	8.438352e-04	1.800000e+00	8.438352e-04	-9.89282e-07	
49	9.438352e-04	1.800000e+00	9.438352e-04	-9.89286e-07	
50	1.043835e-03	1.800000e+00	1.043835e-03	-9.89282e-07	
51	1.143835e-03	1.800000e+00	1.143835e-03	-9.89286e-07	
52	1.243835e-03	1.800000e+00	1.243835e-03	-9.89282e-07	
53	1.343835e-03	1.800000e+00	1.343835e-03	-9.89286e-07	
54	1.443835e-03	1.800000e+00	1.443835e-03	-9.89282e-07	

Index   time            V(1)            time            v1#branch       
--------------------------------------------------------------------------------
55	1.543835e-03	1.800000e+00	1.543835e-03	-9.89286e-07	
56	1.643835e-03	1.800000e+00	1.643835e-03	-9.89282e-07	
57	1.743835e-03	1.800000e+00	1.743835e-03	-9.89286e-07	
58	1.843835e-03	1.800000e+00	1.843835e-03	-9.89282e-07	
59	1.943835e-03	1.800000e+00	1.943835e-03	-9.89286e-07	
60	2.043835e-03	1.800000e+00	2.043835e-03	-9.89282e-07	
61	2.143835e-03	1.800000e+00	2.143835e-03	-9.89286e-07	
62	2.243835e-03	1.800000e+00	2.243835e-03	-9.89282e-07	
63	2.343835e-03	1.800000e+00	2.343835e-03	-9.89286e-07	
64	2.443835e-03	1.800000e+00	2.443835e-03	-9.89282e-07	
65	2.543835e-03	1.800000e+00	2.543835e-03	-9.89286e-07	
66	2.643835e-03	1.800000e+00	2.643835e-03	-9.89282e-07	
67	2.743835e-03	1.800000e+00	2.743835e-03	-9.89286e-07	
68	2.843835e-03	1.800000e+00	2.843835e-03	-9.89282e-07	
69	2.943835e-03	1.800000e+00	2.943835e-03	-9.89286e-07	
70	3.043835e-03	1.800000e+00	3.043835e-03	-9.89282e-07	
71	3.143835e-03	1.800000e+00	3.143835e-03	-9.89286e-07	
72	3.243835e-03	1.800000e+00	3.243835e-03	-9.89282e-07	
73	3.343835e-03	1.800000e+00	3.343835e-03	-9.89286e-07	
74	3.443835e-03	1.800000e+00	3.443835e-03	-9.89282e-07	
75	3.543835e-03	1.800000e+00	3.543835e-03	-9.89286e-07	
76	3.643835e-03	1.800000e+00	3.643835e-03	-9.89282e-07	
77	3.743835e-03	1.800000e+00	3.743835e-03	-9.89286e-07	
78	3.843835e-03	1.800000e+00	3.843835e-03	-9.89282e-07	
79	3.943835e-03	1.800000e+00	3.943835e-03	-9.89286e-07	
80	4.043835e-03	1.800000e+00	4.043835e-03	-9.89282e-07	
81	4.143835e-03	1.800000e+00	4.143835e-03	-9.89286e-07	
82	4.243835e-03	1.800000e+00	4.243835e-03	-9.89282e-07	
83	4.343835e-03	1.800000e+00	4.343835e-03	-9.89286e-07	
84	4.443835e-03	1.800000e+00	4.443835e-03	-9.89282e-07	
85	4.543835e-03	1.800000e+00	4.543835e-03	-9.89286e-07	
86	4.643835e-03	1.800000e+00	4.643835e-03	-9.89282e-07	
87	4.743835e-03	1.800000e+00	4.743835e-03	-9.89286e-07	
88	4.843835e-03	1.800000e+00	4.843835e-03	-9.89282e-07	
89	4.943835e-03	1.800000e+00	4.943835e-03	-9.89286e-07	
90	5.043835e-03	1.800000e+00	5.043835e-03	-9.89282e-07	
91	5.143835e-03	1.800000e+00	5.143835e-03	-9.89286e-07	
92	5.243835e-03	1.800000e+00	5.243835e-03	-9.89282e-07	
93	5.343835e-03	1.800000e+00	5.343835e-03	-9.89286e-07	
94	5.443835e-03	1.800000e+00	5.443835e-03	-9.89282e-07	
95	5.543835e-03	1.800000e+00	5.543835e-03	-9.89286e-07	
96	5.643835e-03	1.800000e+00	5.643835e-03	-9.89282e-07	
97	5.743835e-03	1.800000e+00	5.743835e-03	-9.89286e-07	
98	5.843835e-03	1.800000e+00	5.843835e-03	-9.89282e-07	
99	5.943835e-03	1.800000e+00	5.943835e-03	-9.89286e-07	
100	6.043835e-03	1.800000e+00	6.043835e-03	-9.89282e-07	
101	6.143835e-03	1.800000e+00	6.143835e-03	-9.89286e-07	
102	6.243835e-03	1.800000e+00	6.243835e-03	-9.89282e-07	
103	6.343835e-03	1.800000e+00	6.343835e-03	-9.89286e-07	
104	6.443835e-03	1.800000e+00	6.443835e-03	-9.89282e-07	
105	6.543835e-03	1.800000e+00	6.543835e-03	-9.89286e-07	
106	6.643835e-03	1.800000e+00	6.643835e-03	-9.89282e-07	
107	6.743835e-03	1.800000e+00	6.743835e-03	-9.89286e-07	
108	6.843835e-03	1.800000e+00	6.843835e-03	-9.89282e-07	
109	6.943835e-03	1.800000e+00	6.943835e-03	-9.89286e-07	
110	7.043835e-03	1.800000e+00	7.043835e-03	-9.89282e-07	
111	7.143835e-03	1.800000e+00	7.143835e-03	-9.89286e-07	
112	7.243835e-03	1.800000e+00	7.243835e-03	-9.89282e-07	

Index   time            V(1)            time            v1#branch       
--------------------------------------------------------------------------------
113	7.343835e-03	1.800000e+00	7.343835e-03	-9.89286e-07	
114	7.443835e-03	1.800000e+00	7.443835e-03	-9.89282e-07	
115	7.543835e-03	1.800000e+00	7.543835e-03	-9.89286e-07	
116	7.643835e-03	1.800000e+00	7.643835e-03	-9.89282e-07	
117	7.743835e-03	1.800000e+00	7.743835e-03	-9.89286e-07	
118	7.843835e-03	1.800000e+00	7.843835e-03	-9.89282e-07	
119	7.943835e-03	1.800000e+00	7.943835e-03	-9.89286e-07	
120	8.043835e-03	1.800000e+00	8.043835e-03	-9.89282e-07	
121	8.143835e-03	1.800000e+00	8.143835e-03	-9.89286e-07	
122	8.243835e-03	1.800000e+00	8.243835e-03	-9.89282e-07	
123	8.343835e-03	1.800000e+00	8.343835e-03	-9.89286e-07	
124	8.443835e-03	1.800000e+00	8.443835e-03	-9.89282e-07	
125	8.543835e-03	1.800000e+00	8.543835e-03	-9.89286e-07	
126	8.643835e-03	1.800000e+00	8.643835e-03	-9.89282e-07	
127	8.743835e-03	1.800000e+00	8.743835e-03	-9.89286e-07	
128	8.843835e-03	1.800000e+00	8.843835e-03	-9.89282e-07	
129	8.943835e-03	1.800000e+00	8.943835e-03	-9.89286e-07	
130	9.043835e-03	1.800000e+00	9.043835e-03	-9.89282e-07	
131	9.143835e-03	1.800000e+00	9.143835e-03	-9.89286e-07	
132	9.243835e-03	1.800000e+00	9.243835e-03	-9.89282e-07	
133	9.343835e-03	1.800000e+00	9.343835e-03	-9.89286e-07	
134	9.443835e-03	1.800000e+00	9.443835e-03	-9.89282e-07	
135	9.543835e-03	1.800000e+00	9.543835e-03	-9.89286e-07	
136	9.643835e-03	1.800000e+00	9.643835e-03	-9.89282e-07	
137	9.743835e-03	1.800000e+00	9.743835e-03	-9.89286e-07	
138	9.843835e-03	1.800000e+00	9.843835e-03	-9.89282e-07	
139	9.943835e-03	1.800000e+00	9.943835e-03	-9.89286e-07	
140	1.000000e-02	1.800000e+00	1.000000e-02	-9.89282e-07	
141	1.000000e-02	1.800000e+00	1.000000e-02	-6.84416e-05	
142	1.000000e-02	1.800000e+00	1.000000e-02	-1.02030e-03	
143	1.000000e-02	1.800000e+00	1.000000e-02	-3.92410e-03	
144	1.000000e-02	1.800000e+00	1.000000e-02	-6.43392e-03	
145	1.000000e-02	1.800000e+00	1.000000e-02	-6.39259e-03	
146	1.000000e-02	1.800000e+00	1.000000e-02	-6.39259e-03	
147	1.000000e-02	1.800000e+00	1.000000e-02	-6.39259e-03	
148	1.000000e-02	1.800000e+00	1.000000e-02	-6.39259e-03	
149	1.000000e-02	1.800000e+00	1.000000e-02	-6.39259e-03	
150	1.000000e-02	1.800000e+00	1.000000e-02	-6.39258e-03	
151	1.000000e-02	1.800000e+00	1.000000e-02	-6.39258e-03	
152	1.000001e-02	1.800000e+00	1.000001e-02	-6.39256e-03	
153	1.000001e-02	1.800000e+00	1.000001e-02	-6.39254e-03	
154	1.000002e-02	1.800000e+00	1.000002e-02	-6.39249e-03	
155	1.000004e-02	1.800000e+00	1.000004e-02	-6.39240e-03	
156	1.000008e-02	1.800000e+00	1.000008e-02	-6.39220e-03	
157	1.000017e-02	1.800000e+00	1.000017e-02	-6.39182e-03	
158	1.000033e-02	1.800000e+00	1.000033e-02	-6.39105e-03	
159	1.000066e-02	1.800000e+00	1.000066e-02	-6.38952e-03	
160	1.000131e-02	1.800000e+00	1.000131e-02	-6.38645e-03	
161	1.000262e-02	1.800000e+00	1.000262e-02	-6.38029e-03	
162	1.000524e-02	1.800000e+00	1.000524e-02	-6.36791e-03	
163	1.001049e-02	1.800000e+00	1.001049e-02	-6.34294e-03	
164	1.002097e-02	1.800000e+00	1.002097e-02	-6.29197e-03	
165	1.004194e-02	1.800000e+00	1.004194e-02	-6.18551e-03	
166	1.008388e-02	1.800000e+00	1.008388e-02	-5.95029e-03	
167	1.016776e-02	1.800000e+00	1.016776e-02	-5.39457e-03	
168	1.026776e-02	1.800000e+00	1.026776e-02	-3.38016e-03	
169	1.036776e-02	1.800000e+00	1.036776e-02	-1.37665e-03	
170	1.046776e-02	1.800000e+00	1.046776e-02	-4.35530e-04	

Index   time            V(1)            time            v1#branch       
--------------------------------------------------------------------------------
171	1.056776e-02	1.800000e+00	1.056776e-02	-1.22913e-04	
172	1.066776e-02	1.800000e+00	1.066776e-02	-3.34086e-05	
173	1.076776e-02	1.800000e+00	1.076776e-02	-8.98519e-06	
174	1.086776e-02	1.800000e+00	1.086776e-02	-2.41110e-06	
175	1.096776e-02	1.800000e+00	1.096776e-02	-6.47812e-07	
176	1.106776e-02	1.800000e+00	1.106776e-02	-1.76094e-07	
177	1.116776e-02	1.800000e+00	1.116776e-02	-4.94725e-08	
178	1.126776e-02	1.800000e+00	1.126776e-02	-1.55160e-08	
179	1.136776e-02	1.800000e+00	1.136776e-02	-6.44511e-09	
180	1.146776e-02	1.800000e+00	1.146776e-02	-3.99156e-09	
181	1.156776e-02	1.800000e+00	1.156776e-02	-3.35873e-09	
182	1.166776e-02	1.800000e+00	1.166776e-02	-3.16502e-09	
183	1.176776e-02	1.800000e+00	1.176776e-02	-3.13739e-09	
184	1.186776e-02	1.800000e+00	1.186776e-02	-3.10574e-09	
185	1.196776e-02	1.800000e+00	1.196776e-02	-3.12151e-09	
186	1.206776e-02	1.800000e+00	1.206776e-02	-3.10149e-09	
187	1.216776e-02	1.800000e+00	1.216776e-02	-3.12037e-09	
188	1.226776e-02	1.800000e+00	1.226776e-02	-3.10119e-09	
189	1.236776e-02	1.800000e+00	1.236776e-02	-3.12029e-09	
190	1.246776e-02	1.800000e+00	1.246776e-02	-3.10116e-09	
191	1.256776e-02	1.800000e+00	1.256776e-02	-3.12029e-09	
192	1.266776e-02	1.800000e+00	1.266776e-02	-3.10116e-09	
193	1.276776e-02	1.800000e+00	1.276776e-02	-3.12028e-09	
194	1.286776e-02	1.800000e+00	1.286776e-02	-3.10116e-09	
195	1.296776e-02	1.800000e+00	1.296776e-02	-3.12028e-09	
196	1.306776e-02	1.800000e+00	1.306776e-02	-3.10116e-09	
197	1.316776e-02	1.800000e+00	1.316776e-02	-3.12028e-09	
198	1.326776e-02	1.800000e+00	1.326776e-02	-3.10116e-09	
199	1.336776e-02	1.800000e+00	1.336776e-02	-3.12028e-09	
200	1.346776e-02	1.800000e+00	1.346776e-02	-3.10116e-09	
201	1.356776e-02	1.800000e+00	1.356776e-02	-3.12028e-09	
202	1.366776e-02	1.800000e+00	1.366776e-02	-3.10116e-09	
203	1.376776e-02	1.800000e+00	1.376776e-02	-3.12028e-09	
204	1.386776e-02	1.800000e+00	1.386776e-02	-3.10116e-09	
205	1.396776e-02	1.800000e+00	1.396776e-02	-3.12028e-09	
206	1.406776e-02	1.800000e+00	1.406776e-02	-3.10116e-09	
207	1.416776e-02	1.800000e+00	1.416776e-02	-3.12028e-09	
208	1.426776e-02	1.800000e+00	1.426776e-02	-3.10116e-09	
209	1.436776e-02	1.800000e+00	1.436776e-02	-3.12028e-09	
210	1.446776e-02	1.800000e+00	1.446776e-02	-3.10116e-09	
211	1.456776e-02	1.800000e+00	1.456776e-02	-3.12028e-09	
212	1.466776e-02	1.800000e+00	1.466776e-02	-3.10116e-09	
213	1.476776e-02	1.800000e+00	1.476776e-02	-3.12028e-09	
214	1.486776e-02	1.800000e+00	1.486776e-02	-3.10116e-09	
215	1.496776e-02	1.800000e+00	1.496776e-02	-3.12028e-09	
216	1.506776e-02	1.800000e+00	1.506776e-02	-3.10116e-09	
217	1.516776e-02	1.800000e+00	1.516776e-02	-3.12028e-09	
218	1.526776e-02	1.800000e+00	1.526776e-02	-3.10116e-09	
219	1.536776e-02	1.800000e+00	1.536776e-02	-3.12028e-09	
220	1.546776e-02	1.800000e+00	1.546776e-02	-3.10116e-09	
221	1.556776e-02	1.800000e+00	1.556776e-02	-3.12028e-09	
222	1.566776e-02	1.800000e+00	1.566776e-02	-3.10116e-09	
223	1.576776e-02	1.800000e+00	1.576776e-02	-3.12028e-09	
224	1.586776e-02	1.800000e+00	1.586776e-02	-3.10116e-09	
225	1.596776e-02	1.800000e+00	1.596776e-02	-3.12028e-09	
226	1.606776e-02	1.800000e+00	1.606776e-02	-3.10116e-09	
227	1.616776e-02	1.800000e+00	1.616776e-02	-3.12028e-09	
228	1.626776e-02	1.800000e+00	1.626776e-02	-3.10116e-09	

Index   time            V(1)            time            v1#branch       
--------------------------------------------------------------------------------
229	1.636776e-02	1.800000e+00	1.636776e-02	-3.12028e-09	
230	1.646776e-02	1.800000e+00	1.646776e-02	-3.10116e-09	
231	1.656776e-02	1.800000e+00	1.656776e-02	-3.12028e-09	
232	1.666776e-02	1.800000e+00	1.666776e-02	-3.10116e-09	
233	1.676776e-02	1.800000e+00	1.676776e-02	-3.12028e-09	
234	1.686776e-02	1.800000e+00	1.686776e-02	-3.10116e-09	
235	1.696776e-02	1.800000e+00	1.696776e-02	-3.12028e-09	
236	1.706776e-02	1.800000e+00	1.706776e-02	-3.10116e-09	
237	1.716776e-02	1.800000e+00	1.716776e-02	-3.12028e-09	
238	1.726776e-02	1.800000e+00	1.726776e-02	-3.10116e-09	
239	1.736776e-02	1.800000e+00	1.736776e-02	-3.12028e-09	
240	1.746776e-02	1.800000e+00	1.746776e-02	-3.10116e-09	
241	1.756776e-02	1.800000e+00	1.756776e-02	-3.12028e-09	
242	1.766776e-02	1.800000e+00	1.766776e-02	-3.10116e-09	
243	1.776776e-02	1.800000e+00	1.776776e-02	-3.12028e-09	
244	1.786776e-02	1.800000e+00	1.786776e-02	-3.10116e-09	
245	1.796776e-02	1.800000e+00	1.796776e-02	-3.12028e-09	
246	1.806776e-02	1.800000e+00	1.806776e-02	-3.10116e-09	
247	1.816776e-02	1.800000e+00	1.816776e-02	-3.12028e-09	
248	1.826776e-02	1.800000e+00	1.826776e-02	-3.10116e-09	
249	1.836776e-02	1.800000e+00	1.836776e-02	-3.12028e-09	
250	1.846776e-02	1.800000e+00	1.846776e-02	-3.10116e-09	
251	1.856776e-02	1.800000e+00	1.856776e-02	-3.12028e-09	
252	1.866776e-02	1.800000e+00	1.866776e-02	-3.10116e-09	
253	1.876776e-02	1.800000e+00	1.876776e-02	-3.12028e-09	
254	1.886776e-02	1.800000e+00	1.886776e-02	-3.10116e-09	
255	1.896776e-02	1.800000e+00	1.896776e-02	-3.12028e-09	
256	1.906776e-02	1.800000e+00	1.906776e-02	-3.10116e-09	
257	1.916776e-02	1.800000e+00	1.916776e-02	-3.12028e-09	
258	1.926776e-02	1.800000e+00	1.926776e-02	-3.10116e-09	
259	1.936776e-02	1.800000e+00	1.936776e-02	-3.12028e-09	
260	1.946776e-02	1.800000e+00	1.946776e-02	-3.10116e-09	
261	1.956776e-02	1.800000e+00	1.956776e-02	-3.12028e-09	
262	1.966776e-02	1.800000e+00	1.966776e-02	-3.10116e-09	
263	1.976776e-02	1.800000e+00	1.976776e-02	-3.12028e-09	
264	1.986776e-02	1.800000e+00	1.986776e-02	-3.10116e-09	
265	1.996776e-02	1.800000e+00	1.996776e-02	-3.12028e-09	
266	2.000000e-02	1.800000e+00	2.000000e-02	-3.10116e-09	
267	2.000000e-02	1.800000e+00	2.000000e-02	3.796192e-05	
268	2.000000e-02	1.800000e+00	2.000000e-02	3.761337e-05	
269	2.000000e-02	1.800000e+00	2.000000e-02	3.659772e-05	
270	2.000000e-02	1.800000e+00	2.000000e-02	1.685305e-05	
271	2.000000e-02	1.800000e+00	2.000000e-02	-1.03292e-10	
272	2.000000e-02	1.800000e+00	2.000000e-02	-1.04400e-10	
273	2.000000e-02	1.800000e+00	2.000000e-02	-1.03305e-10	
274	2.000000e-02	1.800000e+00	2.000000e-02	-1.04425e-10	
275	2.000000e-02	1.800000e+00	2.000000e-02	-1.03356e-10	
276	2.000000e-02	1.800000e+00	2.000000e-02	-1.04526e-10	
277	2.000000e-02	1.800000e+00	2.000000e-02	-1.03559e-10	
278	2.000001e-02	1.800000e+00	2.000001e-02	-1.04932e-10	
279	2.000001e-02	1.800000e+00	2.000001e-02	-1.04370e-10	
280	2.000002e-02	1.800000e+00	2.000002e-02	-1.06553e-10	
281	2.000004e-02	1.800000e+00	2.000004e-02	-1.07605e-10	
282	2.000008e-02	1.800000e+00	2.000008e-02	-1.13000e-10	
283	2.000016e-02	1.800000e+00	2.000016e-02	-1.20406e-10	
284	2.000032e-02	1.800000e+00	2.000032e-02	-1.38224e-10	
285	2.000064e-02	1.800000e+00	2.000064e-02	-1.69326e-10	
286	2.000129e-02	1.800000e+00	2.000129e-02	-2.29846e-10	

Index   time            V(1)            time            v1#branch       
--------------------------------------------------------------------------------
287	2.000258e-02	1.800000e+00	2.000258e-02	-3.27631e-10	
288	2.000515e-02	1.800000e+00	2.000515e-02	-4.62298e-10	
289	2.001030e-02	1.800000e+00	2.001030e-02	-6.57651e-10	
290	2.002060e-02	1.800000e+00	2.002060e-02	-1.27694e-09	
291	2.004120e-02	1.800000e+00	2.004120e-02	-6.14801e-09	
292	2.008240e-02	1.800000e+00	2.008240e-02	-4.53059e-07	
293	2.016481e-02	1.800000e+00	2.016481e-02	-8.32685e-07	
294	2.026481e-02	1.800000e+00	2.026481e-02	-9.79789e-07	
295	2.030233e-02	1.800000e+00	2.030233e-02	-9.85995e-07	
296	2.031480e-02	1.800000e+00	2.031480e-02	-9.86917e-07	
297	2.033431e-02	1.800000e+00	2.033431e-02	-9.87885e-07	
298	2.036011e-02	1.800000e+00	2.036011e-02	-9.88598e-07	
299	2.038553e-02	1.800000e+00	2.038553e-02	-9.88942e-07	
300	2.041028e-02	1.800000e+00	2.041028e-02	-9.89113e-07	
301	2.043628e-02	1.800000e+00	2.043628e-02	-9.89199e-07	
302	2.046238e-02	1.800000e+00	2.046238e-02	-9.89244e-07	
303	2.048981e-02	1.800000e+00	2.048981e-02	-9.89264e-07	
304	2.051858e-02	1.800000e+00	2.051858e-02	-9.89277e-07	
305	2.055114e-02	1.800000e+00	2.055114e-02	-9.89280e-07	
306	2.058927e-02	1.800000e+00	2.058927e-02	-9.89284e-07	
307	2.063814e-02	1.800000e+00	2.063814e-02	-9.89283e-07	
308	2.070441e-02	1.800000e+00	2.070441e-02	-9.89285e-07	
309	2.080441e-02	1.800000e+00	2.080441e-02	-9.89283e-07	
310	2.090441e-02	1.800000e+00	2.090441e-02	-9.89285e-07	
311	2.100441e-02	1.800000e+00	2.100441e-02	-9.89283e-07	
312	2.110441e-02	1.800000e+00	2.110441e-02	-9.89285e-07	
313	2.120441e-02	1.800000e+00	2.120441e-02	-9.89283e-07	
314	2.130441e-02	1.800000e+00	2.130441e-02	-9.89285e-07	
315	2.140441e-02	1.800000e+00	2.140441e-02	-9.89283e-07	
316	2.150441e-02	1.800000e+00	2.150441e-02	-9.89285e-07	
317	2.160441e-02	1.800000e+00	2.160441e-02	-9.89283e-07	
318	2.170441e-02	1.800000e+00	2.170441e-02	-9.89285e-07	
319	2.180441e-02	1.800000e+00	2.180441e-02	-9.89283e-07	
320	2.190441e-02	1.800000e+00	2.190441e-02	-9.89285e-07	
321	2.200441e-02	1.800000e+00	2.200441e-02	-9.89283e-07	
322	2.210441e-02	1.800000e+00	2.210441e-02	-9.89285e-07	
323	2.220441e-02	1.800000e+00	2.220441e-02	-9.89283e-07	
324	2.230441e-02	1.800000e+00	2.230441e-02	-9.89285e-07	
325	2.240441e-02	1.800000e+00	2.240441e-02	-9.89283e-07	
326	2.250441e-02	1.800000e+00	2.250441e-02	-9.89285e-07	
327	2.260441e-02	1.800000e+00	2.260441e-02	-9.89283e-07	
328	2.270441e-02	1.800000e+00	2.270441e-02	-9.89285e-07	
329	2.280441e-02	1.800000e+00	2.280441e-02	-9.89283e-07	
330	2.290441e-02	1.800000e+00	2.290441e-02	-9.89285e-07	
331	2.300441e-02	1.800000e+00	2.300441e-02	-9.89283e-07	
332	2.310441e-02	1.800000e+00	2.310441e-02	-9.89285e-07	
333	2.320441e-02	1.800000e+00	2.320441e-02	-9.89283e-07	
334	2.330441e-02	1.800000e+00	2.330441e-02	-9.89285e-07	
335	2.340441e-02	1.800000e+00	2.340441e-02	-9.89283e-07	
336	2.350441e-02	1.800000e+00	2.350441e-02	-9.89285e-07	
337	2.360441e-02	1.800000e+00	2.360441e-02	-9.89283e-07	
338	2.370441e-02	1.800000e+00	2.370441e-02	-9.89285e-07	
339	2.380441e-02	1.800000e+00	2.380441e-02	-9.89283e-07	
340	2.390441e-02	1.800000e+00	2.390441e-02	-9.89285e-07	
341	2.400441e-02	1.800000e+00	2.400441e-02	-9.89283e-07	
342	2.410441e-02	1.800000e+00	2.410441e-02	-9.89285e-07	
343	2.420441e-02	1.800000e+00	2.420441e-02	-9.89283e-07	
344	2.430441e-02	1.800000e+00	2.430441e-02	-9.89285e-07	

Index   time            V(1)            time            v1#branch       
--------------------------------------------------------------------------------
345	2.440441e-02	1.800000e+00	2.440441e-02	-9.89283e-07	
346	2.450441e-02	1.800000e+00	2.450441e-02	-9.89285e-07	
347	2.460441e-02	1.800000e+00	2.460441e-02	-9.89283e-07	
348	2.470441e-02	1.800000e+00	2.470441e-02	-9.89285e-07	
349	2.480441e-02	1.800000e+00	2.480441e-02	-9.89283e-07	
350	2.490441e-02	1.800000e+00	2.490441e-02	-9.89285e-07	
351	2.500441e-02	1.800000e+00	2.500441e-02	-9.89283e-07	
352	2.510441e-02	1.800000e+00	2.510441e-02	-9.89285e-07	
353	2.520441e-02	1.800000e+00	2.520441e-02	-9.89283e-07	
354	2.530441e-02	1.800000e+00	2.530441e-02	-9.89285e-07	
355	2.540441e-02	1.800000e+00	2.540441e-02	-9.89283e-07	
356	2.550441e-02	1.800000e+00	2.550441e-02	-9.89285e-07	
357	2.560441e-02	1.800000e+00	2.560441e-02	-9.89283e-07	
358	2.570441e-02	1.800000e+00	2.570441e-02	-9.89285e-07	
359	2.580441e-02	1.800000e+00	2.580441e-02	-9.89283e-07	
360	2.590441e-02	1.800000e+00	2.590441e-02	-9.89285e-07	
361	2.600441e-02	1.800000e+00	2.600441e-02	-9.89283e-07	
362	2.610441e-02	1.800000e+00	2.610441e-02	-9.89285e-07	
363	2.620441e-02	1.800000e+00	2.620441e-02	-9.89283e-07	
364	2.630441e-02	1.800000e+00	2.630441e-02	-9.89285e-07	
365	2.640441e-02	1.800000e+00	2.640441e-02	-9.89283e-07	
366	2.650441e-02	1.800000e+00	2.650441e-02	-9.89285e-07	
367	2.660441e-02	1.800000e+00	2.660441e-02	-9.89283e-07	
368	2.670441e-02	1.800000e+00	2.670441e-02	-9.89285e-07	
369	2.680441e-02	1.800000e+00	2.680441e-02	-9.89283e-07	
370	2.690441e-02	1.800000e+00	2.690441e-02	-9.89285e-07	
371	2.700441e-02	1.800000e+00	2.700441e-02	-9.89283e-07	
372	2.710441e-02	1.800000e+00	2.710441e-02	-9.89285e-07	
373	2.720441e-02	1.800000e+00	2.720441e-02	-9.89283e-07	
374	2.730441e-02	1.800000e+00	2.730441e-02	-9.89285e-07	
375	2.740441e-02	1.800000e+00	2.740441e-02	-9.89283e-07	
376	2.750441e-02	1.800000e+00	2.750441e-02	-9.89285e-07	
377	2.760441e-02	1.800000e+00	2.760441e-02	-9.89283e-07	
378	2.770441e-02	1.800000e+00	2.770441e-02	-9.89285e-07	
379	2.780441e-02	1.800000e+00	2.780441e-02	-9.89283e-07	
380	2.790441e-02	1.800000e+00	2.790441e-02	-9.89285e-07	
381	2.800441e-02	1.800000e+00	2.800441e-02	-9.89283e-07	
382	2.810441e-02	1.800000e+00	2.810441e-02	-9.89285e-07	
383	2.820441e-02	1.800000e+00	2.820441e-02	-9.89283e-07	
384	2.830441e-02	1.800000e+00	2.830441e-02	-9.89285e-07	
385	2.840441e-02	1.800000e+00	2.840441e-02	-9.89283e-07	
386	2.850441e-02	1.800000e+00	2.850441e-02	-9.89285e-07	
387	2.860441e-02	1.800000e+00	2.860441e-02	-9.89283e-07	
388	2.870441e-02	1.800000e+00	2.870441e-02	-9.89285e-07	
389	2.880441e-02	1.800000e+00	2.880441e-02	-9.89283e-07	
390	2.890441e-02	1.800000e+00	2.890441e-02	-9.89285e-07	
391	2.900441e-02	1.800000e+00	2.900441e-02	-9.89283e-07	
392	2.910441e-02	1.800000e+00	2.910441e-02	-9.89285e-07	
393	2.920441e-02	1.800000e+00	2.920441e-02	-9.89283e-07	
394	2.930441e-02	1.800000e+00	2.930441e-02	-9.89285e-07	
395	2.940441e-02	1.800000e+00	2.940441e-02	-9.89283e-07	
396	2.950441e-02	1.800000e+00	2.950441e-02	-9.89285e-07	
397	2.960441e-02	1.800000e+00	2.960441e-02	-9.89283e-07	
398	2.970441e-02	1.800000e+00	2.970441e-02	-9.89285e-07	
399	2.980441e-02	1.800000e+00	2.980441e-02	-9.89283e-07	
400	2.990441e-02	1.800000e+00	2.990441e-02	-9.89285e-07	
401	3.000000e-02	1.800000e+00	3.000000e-02	-9.89283e-07	
402	3.000000e-02	1.800000e+00	3.000000e-02	-6.84416e-05	

Index   time            V(1)            time            v1#branch       
--------------------------------------------------------------------------------
403	3.000000e-02	1.800000e+00	3.000000e-02	-1.02030e-03	
404	3.000000e-02	1.800000e+00	3.000000e-02	-3.92410e-03	
405	3.000000e-02	1.800000e+00	3.000000e-02	-6.43392e-03	
406	3.000000e-02	1.800000e+00	3.000000e-02	-6.39259e-03	
407	3.000000e-02	1.800000e+00	3.000000e-02	-6.39259e-03	
408	3.000000e-02	1.800000e+00	3.000000e-02	-6.39259e-03	
409	3.000000e-02	1.800000e+00	3.000000e-02	-6.39259e-03	
410	3.000000e-02	1.800000e+00	3.000000e-02	-6.39259e-03	
411	3.000000e-02	1.800000e+00	3.000000e-02	-6.39258e-03	
412	3.000000e-02	1.800000e+00	3.000000e-02	-6.39258e-03	
413	3.000001e-02	1.800000e+00	3.000001e-02	-6.39256e-03	
414	3.000001e-02	1.800000e+00	3.000001e-02	-6.39254e-03	
415	3.000002e-02	1.800000e+00	3.000002e-02	-6.39249e-03	
416	3.000004e-02	1.800000e+00	3.000004e-02	-6.39240e-03	
417	3.000008e-02	1.800000e+00	3.000008e-02	-6.39220e-03	
418	3.000017e-02	1.800000e+00	3.000017e-02	-6.39182e-03	
419	3.000033e-02	1.800000e+00	3.000033e-02	-6.39105e-03	
420	3.000066e-02	1.800000e+00	3.000066e-02	-6.38952e-03	
421	3.000131e-02	1.800000e+00	3.000131e-02	-6.38645e-03	
422	3.000262e-02	1.800000e+00	3.000262e-02	-6.38029e-03	
423	3.000524e-02	1.800000e+00	3.000524e-02	-6.36791e-03	
424	3.001049e-02	1.800000e+00	3.001049e-02	-6.34294e-03	
425	3.002097e-02	1.800000e+00	3.002097e-02	-6.29197e-03	
426	3.004194e-02	1.800000e+00	3.004194e-02	-6.18551e-03	
427	3.008388e-02	1.800000e+00	3.008388e-02	-5.95029e-03	
428	3.016776e-02	1.800000e+00	3.016776e-02	-5.39457e-03	
429	3.026776e-02	1.800000e+00	3.026776e-02	-3.38016e-03	
430	3.036776e-02	1.800000e+00	3.036776e-02	-1.37665e-03	
431	3.046776e-02	1.800000e+00	3.046776e-02	-4.35530e-04	
432	3.056776e-02	1.800000e+00	3.056776e-02	-1.22913e-04	
433	3.066776e-02	1.800000e+00	3.066776e-02	-3.34086e-05	
434	3.076776e-02	1.800000e+00	3.076776e-02	-8.98519e-06	
435	3.086776e-02	1.800000e+00	3.086776e-02	-2.41110e-06	
436	3.096776e-02	1.800000e+00	3.096776e-02	-6.47816e-07	
437	3.106776e-02	1.800000e+00	3.106776e-02	-1.76090e-07	
438	3.116776e-02	1.800000e+00	3.116776e-02	-4.94764e-08	
439	3.126776e-02	1.800000e+00	3.126776e-02	-1.55121e-08	
440	3.136776e-02	1.800000e+00	3.136776e-02	-6.44902e-09	
441	3.146776e-02	1.800000e+00	3.146776e-02	-3.98765e-09	
442	3.156776e-02	1.800000e+00	3.156776e-02	-3.36265e-09	
443	3.166776e-02	1.800000e+00	3.166776e-02	-3.16111e-09	
444	3.176776e-02	1.800000e+00	3.176776e-02	-3.14130e-09	
445	3.186776e-02	1.800000e+00	3.186776e-02	-3.10183e-09	
446	3.196776e-02	1.800000e+00	3.196776e-02	-3.12542e-09	
447	3.206776e-02	1.800000e+00	3.206776e-02	-3.09758e-09	
448	3.216776e-02	1.800000e+00	3.216776e-02	-3.12429e-09	
449	3.226776e-02	1.800000e+00	3.226776e-02	-3.09727e-09	
450	3.236776e-02	1.800000e+00	3.236776e-02	-3.12420e-09	
451	3.246776e-02	1.800000e+00	3.246776e-02	-3.09725e-09	
452	3.256776e-02	1.800000e+00	3.256776e-02	-3.12420e-09	
453	3.266776e-02	1.800000e+00	3.266776e-02	-3.09725e-09	
454	3.276776e-02	1.800000e+00	3.276776e-02	-3.12420e-09	
455	3.286776e-02	1.800000e+00	3.286776e-02	-3.09725e-09	
456	3.296776e-02	1.800000e+00	3.296776e-02	-3.12420e-09	
457	3.306776e-02	1.800000e+00	3.306776e-02	-3.09725e-09	
458	3.316776e-02	1.800000e+00	3.316776e-02	-3.12420e-09	
459	3.326776e-02	1.800000e+00	3.326776e-02	-3.09725e-09	
460	3.336776e-02	1.800000e+00	3.336776e-02	-3.12420e-09	

Index   time            V(1)            time            v1#branch       
--------------------------------------------------------------------------------
461	3.346776e-02	1.800000e+00	3.346776e-02	-3.09725e-09	
462	3.356776e-02	1.800000e+00	3.356776e-02	-3.12420e-09	
463	3.366776e-02	1.800000e+00	3.366776e-02	-3.09725e-09	
464	3.376776e-02	1.800000e+00	3.376776e-02	-3.12420e-09	
465	3.386776e-02	1.800000e+00	3.386776e-02	-3.09725e-09	
466	3.396776e-02	1.800000e+00	3.396776e-02	-3.12420e-09	
467	3.406776e-02	1.800000e+00	3.406776e-02	-3.09725e-09	
468	3.416776e-02	1.800000e+00	3.416776e-02	-3.12420e-09	
469	3.426776e-02	1.800000e+00	3.426776e-02	-3.09725e-09	
470	3.436776e-02	1.800000e+00	3.436776e-02	-3.12420e-09	
471	3.446776e-02	1.800000e+00	3.446776e-02	-3.09725e-09	
472	3.456776e-02	1.800000e+00	3.456776e-02	-3.12420e-09	
473	3.466776e-02	1.800000e+00	3.466776e-02	-3.09725e-09	
474	3.476776e-02	1.800000e+00	3.476776e-02	-3.12420e-09	
475	3.486776e-02	1.800000e+00	3.486776e-02	-3.09725e-09	
476	3.496776e-02	1.800000e+00	3.496776e-02	-3.12420e-09	
477	3.506776e-02	1.800000e+00	3.506776e-02	-3.09725e-09	
478	3.516776e-02	1.800000e+00	3.516776e-02	-3.12420e-09	
479	3.526776e-02	1.800000e+00	3.526776e-02	-3.09725e-09	
480	3.536776e-02	1.800000e+00	3.536776e-02	-3.12420e-09	
481	3.546776e-02	1.800000e+00	3.546776e-02	-3.09725e-09	
482	3.556776e-02	1.800000e+00	3.556776e-02	-3.12420e-09	
483	3.566776e-02	1.800000e+00	3.566776e-02	-3.09725e-09	
484	3.576776e-02	1.800000e+00	3.576776e-02	-3.12420e-09	
485	3.586776e-02	1.800000e+00	3.586776e-02	-3.09725e-09	
486	3.596776e-02	1.800000e+00	3.596776e-02	-3.12420e-09	
487	3.606776e-02	1.800000e+00	3.606776e-02	-3.09725e-09	
488	3.616776e-02	1.800000e+00	3.616776e-02	-3.12420e-09	
489	3.626776e-02	1.800000e+00	3.626776e-02	-3.09725e-09	
490	3.636776e-02	1.800000e+00	3.636776e-02	-3.12420e-09	
491	3.646776e-02	1.800000e+00	3.646776e-02	-3.09725e-09	
492	3.656776e-02	1.800000e+00	3.656776e-02	-3.12420e-09	
493	3.666776e-02	1.800000e+00	3.666776e-02	-3.09725e-09	
494	3.676776e-02	1.800000e+00	3.676776e-02	-3.12420e-09	
495	3.686776e-02	1.800000e+00	3.686776e-02	-3.09725e-09	
496	3.696776e-02	1.800000e+00	3.696776e-02	-3.12420e-09	
497	3.706776e-02	1.800000e+00	3.706776e-02	-3.09725e-09	
498	3.716776e-02	1.800000e+00	3.716776e-02	-3.12420e-09	
499	3.726776e-02	1.800000e+00	3.726776e-02	-3.09725e-09	
500	3.736776e-02	1.800000e+00	3.736776e-02	-3.12420e-09	
501	3.746776e-02	1.800000e+00	3.746776e-02	-3.09725e-09	
502	3.756776e-02	1.800000e+00	3.756776e-02	-3.12420e-09	
503	3.766776e-02	1.800000e+00	3.766776e-02	-3.09725e-09	
504	3.776776e-02	1.800000e+00	3.776776e-02	-3.12420e-09	
505	3.786776e-02	1.800000e+00	3.786776e-02	-3.09725e-09	
506	3.796776e-02	1.800000e+00	3.796776e-02	-3.12420e-09	
507	3.806776e-02	1.800000e+00	3.806776e-02	-3.09725e-09	
508	3.816776e-02	1.800000e+00	3.816776e-02	-3.12420e-09	
509	3.826776e-02	1.800000e+00	3.826776e-02	-3.09725e-09	
510	3.836776e-02	1.800000e+00	3.836776e-02	-3.12420e-09	
511	3.846776e-02	1.800000e+00	3.846776e-02	-3.09725e-09	
512	3.856776e-02	1.800000e+00	3.856776e-02	-3.12420e-09	
513	3.866776e-02	1.800000e+00	3.866776e-02	-3.09725e-09	
514	3.876776e-02	1.800000e+00	3.876776e-02	-3.12420e-09	
515	3.886776e-02	1.800000e+00	3.886776e-02	-3.09725e-09	
516	3.896776e-02	1.800000e+00	3.896776e-02	-3.12420e-09	
517	3.906776e-02	1.800000e+00	3.906776e-02	-3.09725e-09	
518	3.916776e-02	1.800000e+00	3.916776e-02	-3.12420e-09	

Index   time            V(1)            time            v1#branch       
--------------------------------------------------------------------------------
519	3.926776e-02	1.800000e+00	3.926776e-02	-3.09725e-09	
520	3.936776e-02	1.800000e+00	3.936776e-02	-3.12420e-09	
521	3.946776e-02	1.800000e+00	3.946776e-02	-3.09725e-09	
522	3.956776e-02	1.800000e+00	3.956776e-02	-3.12420e-09	
523	3.966776e-02	1.800000e+00	3.966776e-02	-3.09725e-09	
524	3.976776e-02	1.800000e+00	3.976776e-02	-3.12420e-09	
525	3.986776e-02	1.800000e+00	3.986776e-02	-3.09725e-09	
526	3.996776e-02	1.800000e+00	3.996776e-02	-3.12420e-09	
527	4.000000e-02	1.800000e+00	4.000000e-02	-3.09725e-09	
528	4.000000e-02	1.800000e+00	4.000000e-02	3.796192e-05	
529	4.000000e-02	1.800000e+00	4.000000e-02	3.761337e-05	
530	4.000000e-02	1.800000e+00	4.000000e-02	3.659772e-05	
531	4.000000e-02	1.800000e+00	4.000000e-02	1.685305e-05	
532	4.000000e-02	1.800000e+00	4.000000e-02	-1.03292e-10	
533	4.000000e-02	1.800000e+00	4.000000e-02	-1.04400e-10	
534	4.000000e-02	1.800000e+00	4.000000e-02	-1.03305e-10	
535	4.000000e-02	1.800000e+00	4.000000e-02	-1.04425e-10	
536	4.000000e-02	1.800000e+00	4.000000e-02	-1.03356e-10	
537	4.000000e-02	1.800000e+00	4.000000e-02	-1.04526e-10	
538	4.000000e-02	1.800000e+00	4.000000e-02	-1.03559e-10	
539	4.000001e-02	1.800000e+00	4.000001e-02	-1.04932e-10	
540	4.000001e-02	1.800000e+00	4.000001e-02	-1.04370e-10	
541	4.000002e-02	1.800000e+00	4.000002e-02	-1.06553e-10	
542	4.000004e-02	1.800000e+00	4.000004e-02	-1.07605e-10	
543	4.000008e-02	1.800000e+00	4.000008e-02	-1.13000e-10	
544	4.000016e-02	1.800000e+00	4.000016e-02	-1.20406e-10	
545	4.000032e-02	1.800000e+00	4.000032e-02	-1.38224e-10	
546	4.000064e-02	1.800000e+00	4.000064e-02	-1.69326e-10	
547	4.000129e-02	1.800000e+00	4.000129e-02	-2.29846e-10	
548	4.000258e-02	1.800000e+00	4.000258e-02	-3.27631e-10	
549	4.000515e-02	1.800000e+00	4.000515e-02	-4.62298e-10	
550	4.001030e-02	1.800000e+00	4.001030e-02	-6.57652e-10	
551	4.002060e-02	1.800000e+00	4.002060e-02	-1.27694e-09	
552	4.004120e-02	1.800000e+00	4.004120e-02	-6.14802e-09	
553	4.008240e-02	1.800000e+00	4.008240e-02	-4.53059e-07	
554	4.016481e-02	1.800000e+00	4.016481e-02	-8.32685e-07	
555	4.026481e-02	1.800000e+00	4.026481e-02	-9.79789e-07	
556	4.030233e-02	1.800000e+00	4.030233e-02	-9.85995e-07	
557	4.031480e-02	1.800000e+00	4.031480e-02	-9.86917e-07	
558	4.033431e-02	1.800000e+00	4.033431e-02	-9.87885e-07	
559	4.036011e-02	1.800000e+00	4.036011e-02	-9.88598e-07	
560	4.038553e-02	1.800000e+00	4.038553e-02	-9.88942e-07	
561	4.041028e-02	1.800000e+00	4.041028e-02	-9.89113e-07	
562	4.043628e-02	1.800000e+00	4.043628e-02	-9.89199e-07	
563	4.046238e-02	1.800000e+00	4.046238e-02	-9.89244e-07	
564	4.048981e-02	1.800000e+00	4.048981e-02	-9.89264e-07	
565	4.051858e-02	1.800000e+00	4.051858e-02	-9.89277e-07	
566	4.055114e-02	1.800000e+00	4.055114e-02	-9.89280e-07	
567	4.058927e-02	1.800000e+00	4.058927e-02	-9.89284e-07	
568	4.063814e-02	1.800000e+00	4.063814e-02	-9.89283e-07	
569	4.070441e-02	1.800000e+00	4.070441e-02	-9.89285e-07	
570	4.080441e-02	1.800000e+00	4.080441e-02	-9.89283e-07	
571	4.090441e-02	1.800000e+00	4.090441e-02	-9.89285e-07	
572	4.100441e-02	1.800000e+00	4.100441e-02	-9.89283e-07	
573	4.110441e-02	1.800000e+00	4.110441e-02	-9.89285e-07	
574	4.120441e-02	1.800000e+00	4.120441e-02	-9.89283e-07	
575	4.130441e-02	1.800000e+00	4.130441e-02	-9.89285e-07	
576	4.140441e-02	1.800000e+00	4.140441e-02	-9.89283e-07	

Index   time            V(1)            time            v1#branch       
--------------------------------------------------------------------------------
577	4.150441e-02	1.800000e+00	4.150441e-02	-9.89285e-07	
578	4.160441e-02	1.800000e+00	4.160441e-02	-9.89283e-07	
579	4.170441e-02	1.800000e+00	4.170441e-02	-9.89285e-07	
580	4.180441e-02	1.800000e+00	4.180441e-02	-9.89283e-07	
581	4.190441e-02	1.800000e+00	4.190441e-02	-9.89285e-07	
582	4.200441e-02	1.800000e+00	4.200441e-02	-9.89283e-07	
583	4.210441e-02	1.800000e+00	4.210441e-02	-9.89285e-07	
584	4.220441e-02	1.800000e+00	4.220441e-02	-9.89283e-07	
585	4.230441e-02	1.800000e+00	4.230441e-02	-9.89285e-07	
586	4.240441e-02	1.800000e+00	4.240441e-02	-9.89283e-07	
587	4.250441e-02	1.800000e+00	4.250441e-02	-9.89285e-07	
588	4.260441e-02	1.800000e+00	4.260441e-02	-9.89283e-07	
589	4.270441e-02	1.800000e+00	4.270441e-02	-9.89285e-07	
590	4.280441e-02	1.800000e+00	4.280441e-02	-9.89283e-07	
591	4.290441e-02	1.800000e+00	4.290441e-02	-9.89285e-07	
592	4.300441e-02	1.800000e+00	4.300441e-02	-9.89283e-07	
593	4.310441e-02	1.800000e+00	4.310441e-02	-9.89285e-07	
594	4.320441e-02	1.800000e+00	4.320441e-02	-9.89283e-07	
595	4.330441e-02	1.800000e+00	4.330441e-02	-9.89285e-07	
596	4.340441e-02	1.800000e+00	4.340441e-02	-9.89283e-07	
597	4.350441e-02	1.800000e+00	4.350441e-02	-9.89285e-07	
598	4.360441e-02	1.800000e+00	4.360441e-02	-9.89283e-07	
599	4.370441e-02	1.800000e+00	4.370441e-02	-9.89285e-07	
600	4.380441e-02	1.800000e+00	4.380441e-02	-9.89283e-07	
601	4.390441e-02	1.800000e+00	4.390441e-02	-9.89285e-07	
602	4.400441e-02	1.800000e+00	4.400441e-02	-9.89283e-07	
603	4.410441e-02	1.800000e+00	4.410441e-02	-9.89285e-07	
604	4.420441e-02	1.800000e+00	4.420441e-02	-9.89283e-07	
605	4.430441e-02	1.800000e+00	4.430441e-02	-9.89285e-07	
606	4.440441e-02	1.800000e+00	4.440441e-02	-9.89283e-07	
607	4.450441e-02	1.800000e+00	4.450441e-02	-9.89285e-07	
608	4.460441e-02	1.800000e+00	4.460441e-02	-9.89283e-07	
609	4.470441e-02	1.800000e+00	4.470441e-02	-9.89285e-07	
610	4.480441e-02	1.800000e+00	4.480441e-02	-9.89283e-07	
611	4.490441e-02	1.800000e+00	4.490441e-02	-9.89285e-07	
612	4.500441e-02	1.800000e+00	4.500441e-02	-9.89283e-07	
613	4.510441e-02	1.800000e+00	4.510441e-02	-9.89285e-07	
614	4.520441e-02	1.800000e+00	4.520441e-02	-9.89283e-07	
615	4.530441e-02	1.800000e+00	4.530441e-02	-9.89285e-07	
616	4.540441e-02	1.800000e+00	4.540441e-02	-9.89283e-07	
617	4.550441e-02	1.800000e+00	4.550441e-02	-9.89285e-07	
618	4.560441e-02	1.800000e+00	4.560441e-02	-9.89283e-07	
619	4.570441e-02	1.800000e+00	4.570441e-02	-9.89285e-07	
620	4.580441e-02	1.800000e+00	4.580441e-02	-9.89283e-07	
621	4.590441e-02	1.800000e+00	4.590441e-02	-9.89285e-07	
622	4.600441e-02	1.800000e+00	4.600441e-02	-9.89283e-07	
623	4.610441e-02	1.800000e+00	4.610441e-02	-9.89285e-07	
624	4.620441e-02	1.800000e+00	4.620441e-02	-9.89283e-07	
625	4.630441e-02	1.800000e+00	4.630441e-02	-9.89285e-07	
626	4.640441e-02	1.800000e+00	4.640441e-02	-9.89283e-07	
627	4.650441e-02	1.800000e+00	4.650441e-02	-9.89285e-07	
628	4.660441e-02	1.800000e+00	4.660441e-02	-9.89283e-07	
629	4.670441e-02	1.800000e+00	4.670441e-02	-9.89285e-07	
630	4.680441e-02	1.800000e+00	4.680441e-02	-9.89283e-07	
631	4.690441e-02	1.800000e+00	4.690441e-02	-9.89285e-07	
632	4.700441e-02	1.800000e+00	4.700441e-02	-9.89283e-07	
633	4.710441e-02	1.800000e+00	4.710441e-02	-9.89285e-07	
634	4.720441e-02	1.800000e+00	4.720441e-02	-9.89283e-07	

Index   time            V(1)            time            v1#branch       
--------------------------------------------------------------------------------
635	4.730441e-02	1.800000e+00	4.730441e-02	-9.89285e-07	
636	4.740441e-02	1.800000e+00	4.740441e-02	-9.89283e-07	
637	4.750441e-02	1.800000e+00	4.750441e-02	-9.89285e-07	
638	4.760441e-02	1.800000e+00	4.760441e-02	-9.89283e-07	
639	4.770441e-02	1.800000e+00	4.770441e-02	-9.89285e-07	
640	4.780441e-02	1.800000e+00	4.780441e-02	-9.89283e-07	
641	4.790441e-02	1.800000e+00	4.790441e-02	-9.89285e-07	
642	4.800441e-02	1.800000e+00	4.800441e-02	-9.89283e-07	
643	4.810441e-02	1.800000e+00	4.810441e-02	-9.89285e-07	
644	4.820441e-02	1.800000e+00	4.820441e-02	-9.89283e-07	
645	4.830441e-02	1.800000e+00	4.830441e-02	-9.89285e-07	
646	4.840441e-02	1.800000e+00	4.840441e-02	-9.89283e-07	
647	4.850441e-02	1.800000e+00	4.850441e-02	-9.89285e-07	
648	4.860441e-02	1.800000e+00	4.860441e-02	-9.89283e-07	
649	4.870441e-02	1.800000e+00	4.870441e-02	-9.89285e-07	
650	4.880441e-02	1.800000e+00	4.880441e-02	-9.89283e-07	
651	4.890441e-02	1.800000e+00	4.890441e-02	-9.89285e-07	
652	4.900441e-02	1.800000e+00	4.900441e-02	-9.89283e-07	
653	4.910441e-02	1.800000e+00	4.910441e-02	-9.89285e-07	
654	4.920441e-02	1.800000e+00	4.920441e-02	-9.89283e-07	
655	4.930441e-02	1.800000e+00	4.930441e-02	-9.89285e-07	
656	4.940441e-02	1.800000e+00	4.940441e-02	-9.89283e-07	
657	4.950441e-02	1.800000e+00	4.950441e-02	-9.89285e-07	
658	4.960441e-02	1.800000e+00	4.960441e-02	-9.89283e-07	
659	4.970441e-02	1.800000e+00	4.970441e-02	-9.89285e-07	
660	4.980441e-02	1.800000e+00	4.980441e-02	-9.89283e-07	
661	4.990441e-02	1.800000e+00	4.990441e-02	-9.89285e-07	
662	5.000000e-02	1.800000e+00	5.000000e-02	-9.89283e-07	
663	5.000000e-02	1.800000e+00	5.000000e-02	-6.84416e-05	
664	5.000000e-02	1.800000e+00	5.000000e-02	-1.02030e-03	
665	5.000000e-02	1.800000e+00	5.000000e-02	-3.92410e-03	
666	5.000000e-02	1.800000e+00	5.000000e-02	-6.43392e-03	
667	5.000000e-02	1.800000e+00	5.000000e-02	-6.39259e-03	
668	5.000000e-02	1.800000e+00	5.000000e-02	-6.39259e-03	
669	5.000000e-02	1.800000e+00	5.000000e-02	-6.39259e-03	
670	5.000000e-02	1.800000e+00	5.000000e-02	-6.39259e-03	
671	5.000000e-02	1.800000e+00	5.000000e-02	-6.39259e-03	
672	5.000000e-02	1.800000e+00	5.000000e-02	-6.39258e-03	
673	5.000000e-02	1.800000e+00	5.000000e-02	-6.39258e-03	
674	5.000001e-02	1.800000e+00	5.000001e-02	-6.39256e-03	
675	5.000001e-02	1.800000e+00	5.000001e-02	-6.39254e-03	
676	5.000002e-02	1.800000e+00	5.000002e-02	-6.39249e-03	
677	5.000004e-02	1.800000e+00	5.000004e-02	-6.39240e-03	
678	5.000008e-02	1.800000e+00	5.000008e-02	-6.39220e-03	
679	5.000017e-02	1.800000e+00	5.000017e-02	-6.39182e-03	
680	5.000033e-02	1.800000e+00	5.000033e-02	-6.39105e-03	
681	5.000066e-02	1.800000e+00	5.000066e-02	-6.38952e-03	
682	5.000131e-02	1.800000e+00	5.000131e-02	-6.38645e-03	
683	5.000262e-02	1.800000e+00	5.000262e-02	-6.38029e-03	
684	5.000524e-02	1.800000e+00	5.000524e-02	-6.36791e-03	
685	5.001049e-02	1.800000e+00	5.001049e-02	-6.34294e-03	
686	5.002097e-02	1.800000e+00	5.002097e-02	-6.29197e-03	
687	5.004194e-02	1.800000e+00	5.004194e-02	-6.18551e-03	
688	5.008388e-02	1.800000e+00	5.008388e-02	-5.95029e-03	
689	5.016776e-02	1.800000e+00	5.016776e-02	-5.39457e-03	
690	5.026776e-02	1.800000e+00	5.026776e-02	-3.38016e-03	
691	5.036776e-02	1.800000e+00	5.036776e-02	-1.37665e-03	
692	5.046776e-02	1.800000e+00	5.046776e-02	-4.35530e-04	

Index   time            V(1)            time            v1#branch       
--------------------------------------------------------------------------------
693	5.056776e-02	1.800000e+00	5.056776e-02	-1.22913e-04	
694	5.066776e-02	1.800000e+00	5.066776e-02	-3.34086e-05	
695	5.076776e-02	1.800000e+00	5.076776e-02	-8.98518e-06	
696	5.086776e-02	1.800000e+00	5.086776e-02	-2.41110e-06	
697	5.096776e-02	1.800000e+00	5.096776e-02	-6.47812e-07	
698	5.106776e-02	1.800000e+00	5.106776e-02	-1.76094e-07	
699	5.116776e-02	1.800000e+00	5.116776e-02	-4.94725e-08	
700	5.126776e-02	1.800000e+00	5.126776e-02	-1.55160e-08	
701	5.136776e-02	1.800000e+00	5.136776e-02	-6.44511e-09	
702	5.146776e-02	1.800000e+00	5.146776e-02	-3.99156e-09	
703	5.156776e-02	1.800000e+00	5.156776e-02	-3.35873e-09	
704	5.166776e-02	1.800000e+00	5.166776e-02	-3.16502e-09	
705	5.176776e-02	1.800000e+00	5.176776e-02	-3.13739e-09	
706	5.186776e-02	1.800000e+00	5.186776e-02	-3.10574e-09	
707	5.196776e-02	1.800000e+00	5.196776e-02	-3.12151e-09	
708	5.206776e-02	1.800000e+00	5.206776e-02	-3.10149e-09	
709	5.216776e-02	1.800000e+00	5.216776e-02	-3.12037e-09	
710	5.226776e-02	1.800000e+00	5.226776e-02	-3.10119e-09	
711	5.236776e-02	1.800000e+00	5.236776e-02	-3.12029e-09	
712	5.246776e-02	1.800000e+00	5.246776e-02	-3.10116e-09	
713	5.256776e-02	1.800000e+00	5.256776e-02	-3.12029e-09	
714	5.266776e-02	1.800000e+00	5.266776e-02	-3.10116e-09	
715	5.276776e-02	1.800000e+00	5.276776e-02	-3.12028e-09	
716	5.286776e-02	1.800000e+00	5.286776e-02	-3.10116e-09	
717	5.296776e-02	1.800000e+00	5.296776e-02	-3.12028e-09	
718	5.306776e-02	1.800000e+00	5.306776e-02	-3.10116e-09	
719	5.316776e-02	1.800000e+00	5.316776e-02	-3.12028e-09	
720	5.326776e-02	1.800000e+00	5.326776e-02	-3.10116e-09	
721	5.336776e-02	1.800000e+00	5.336776e-02	-3.12028e-09	
722	5.346776e-02	1.800000e+00	5.346776e-02	-3.10116e-09	
723	5.356776e-02	1.800000e+00	5.356776e-02	-3.12028e-09	
724	5.366776e-02	1.800000e+00	5.366776e-02	-3.10116e-09	
725	5.376776e-02	1.800000e+00	5.376776e-02	-3.12028e-09	
726	5.386776e-02	1.800000e+00	5.386776e-02	-3.10116e-09	
727	5.396776e-02	1.800000e+00	5.396776e-02	-3.12028e-09	
728	5.406776e-02	1.800000e+00	5.406776e-02	-3.10116e-09	
729	5.416776e-02	1.800000e+00	5.416776e-02	-3.12028e-09	
730	5.426776e-02	1.800000e+00	5.426776e-02	-3.10116e-09	
731	5.436776e-02	1.800000e+00	5.436776e-02	-3.12028e-09	
732	5.446776e-02	1.800000e+00	5.446776e-02	-3.10116e-09	
733	5.456776e-02	1.800000e+00	5.456776e-02	-3.12028e-09	
734	5.466776e-02	1.800000e+00	5.466776e-02	-3.10116e-09	
735	5.476776e-02	1.800000e+00	5.476776e-02	-3.12028e-09	
736	5.486776e-02	1.800000e+00	5.486776e-02	-3.10116e-09	
737	5.496776e-02	1.800000e+00	5.496776e-02	-3.12028e-09	
738	5.506776e-02	1.800000e+00	5.506776e-02	-3.10116e-09	
739	5.516776e-02	1.800000e+00	5.516776e-02	-3.12028e-09	
740	5.526776e-02	1.800000e+00	5.526776e-02	-3.10116e-09	
741	5.536776e-02	1.800000e+00	5.536776e-02	-3.12028e-09	
742	5.546776e-02	1.800000e+00	5.546776e-02	-3.10116e-09	
743	5.556776e-02	1.800000e+00	5.556776e-02	-3.12028e-09	
744	5.566776e-02	1.800000e+00	5.566776e-02	-3.10116e-09	
745	5.576776e-02	1.800000e+00	5.576776e-02	-3.12028e-09	
746	5.586776e-02	1.800000e+00	5.586776e-02	-3.10116e-09	
747	5.596776e-02	1.800000e+00	5.596776e-02	-3.12028e-09	
748	5.606776e-02	1.800000e+00	5.606776e-02	-3.10116e-09	
749	5.616776e-02	1.800000e+00	5.616776e-02	-3.12028e-09	
750	5.626776e-02	1.800000e+00	5.626776e-02	-3.10116e-09	

Index   time            V(1)            time            v1#branch       
--------------------------------------------------------------------------------
751	5.636776e-02	1.800000e+00	5.636776e-02	-3.12028e-09	
752	5.646776e-02	1.800000e+00	5.646776e-02	-3.10116e-09	
753	5.656776e-02	1.800000e+00	5.656776e-02	-3.12028e-09	
754	5.666776e-02	1.800000e+00	5.666776e-02	-3.10116e-09	
755	5.676776e-02	1.800000e+00	5.676776e-02	-3.12028e-09	
756	5.686776e-02	1.800000e+00	5.686776e-02	-3.10116e-09	
757	5.696776e-02	1.800000e+00	5.696776e-02	-3.12028e-09	
758	5.706776e-02	1.800000e+00	5.706776e-02	-3.10116e-09	
759	5.716776e-02	1.800000e+00	5.716776e-02	-3.12028e-09	
760	5.726776e-02	1.800000e+00	5.726776e-02	-3.10116e-09	
761	5.736776e-02	1.800000e+00	5.736776e-02	-3.12028e-09	
762	5.746776e-02	1.800000e+00	5.746776e-02	-3.10116e-09	
763	5.756776e-02	1.800000e+00	5.756776e-02	-3.12028e-09	
764	5.766776e-02	1.800000e+00	5.766776e-02	-3.10116e-09	
765	5.776776e-02	1.800000e+00	5.776776e-02	-3.12028e-09	
766	5.786776e-02	1.800000e+00	5.786776e-02	-3.10116e-09	
767	5.796776e-02	1.800000e+00	5.796776e-02	-3.12028e-09	
768	5.806776e-02	1.800000e+00	5.806776e-02	-3.10116e-09	
769	5.816776e-02	1.800000e+00	5.816776e-02	-3.12028e-09	
770	5.826776e-02	1.800000e+00	5.826776e-02	-3.10116e-09	
771	5.836776e-02	1.800000e+00	5.836776e-02	-3.12028e-09	
772	5.846776e-02	1.800000e+00	5.846776e-02	-3.10116e-09	
773	5.856776e-02	1.800000e+00	5.856776e-02	-3.12028e-09	
774	5.866776e-02	1.800000e+00	5.866776e-02	-3.10116e-09	
775	5.876776e-02	1.800000e+00	5.876776e-02	-3.12028e-09	
776	5.886776e-02	1.800000e+00	5.886776e-02	-3.10116e-09	
777	5.896776e-02	1.800000e+00	5.896776e-02	-3.12028e-09	
778	5.906776e-02	1.800000e+00	5.906776e-02	-3.10116e-09	
779	5.916776e-02	1.800000e+00	5.916776e-02	-3.12028e-09	
780	5.926776e-02	1.800000e+00	5.926776e-02	-3.10116e-09	
781	5.936776e-02	1.800000e+00	5.936776e-02	-3.12028e-09	
782	5.946776e-02	1.800000e+00	5.946776e-02	-3.10116e-09	
783	5.956776e-02	1.800000e+00	5.956776e-02	-3.12028e-09	
784	5.966776e-02	1.800000e+00	5.966776e-02	-3.10116e-09	
785	5.976776e-02	1.800000e+00	5.976776e-02	-3.12028e-09	
786	5.986776e-02	1.800000e+00	5.986776e-02	-3.10116e-09	
787	5.996776e-02	1.800000e+00	5.996776e-02	-3.12028e-09	
788	6.000000e-02	1.800000e+00	6.000000e-02	-3.10116e-09	
789	6.000000e-02	1.800000e+00	6.000000e-02	3.796192e-05	
790	6.000000e-02	1.800000e+00	6.000000e-02	3.761337e-05	
791	6.000000e-02	1.800000e+00	6.000000e-02	3.659772e-05	
792	6.000000e-02	1.800000e+00	6.000000e-02	1.685305e-05	
793	6.000000e-02	1.800000e+00	6.000000e-02	-1.03292e-10	
794	6.000000e-02	1.800000e+00	6.000000e-02	-1.04400e-10	
795	6.000000e-02	1.800000e+00	6.000000e-02	-1.03305e-10	
796	6.000000e-02	1.800000e+00	6.000000e-02	-1.04425e-10	
797	6.000000e-02	1.800000e+00	6.000000e-02	-1.03356e-10	
798	6.000000e-02	1.800000e+00	6.000000e-02	-1.04526e-10	
799	6.000000e-02	1.800000e+00	6.000000e-02	-1.03559e-10	
800	6.000001e-02	1.800000e+00	6.000001e-02	-1.04932e-10	
801	6.000001e-02	1.800000e+00	6.000001e-02	-1.04370e-10	
802	6.000002e-02	1.800000e+00	6.000002e-02	-1.06553e-10	
803	6.000004e-02	1.800000e+00	6.000004e-02	-1.07605e-10	
804	6.000008e-02	1.800000e+00	6.000008e-02	-1.13000e-10	
805	6.000016e-02	1.800000e+00	6.000016e-02	-1.20406e-10	
806	6.000032e-02	1.800000e+00	6.000032e-02	-1.38224e-10	
807	6.000064e-02	1.800000e+00	6.000064e-02	-1.69326e-10	
808	6.000129e-02	1.800000e+00	6.000129e-02	-2.29846e-10	

Index   time            V(1)            time            v1#branch       
--------------------------------------------------------------------------------
809	6.000258e-02	1.800000e+00	6.000258e-02	-3.27631e-10	
810	6.000515e-02	1.800000e+00	6.000515e-02	-4.62298e-10	
811	6.001030e-02	1.800000e+00	6.001030e-02	-6.57652e-10	
812	6.002060e-02	1.800000e+00	6.002060e-02	-1.27694e-09	
813	6.004120e-02	1.800000e+00	6.004120e-02	-6.14802e-09	
814	6.008240e-02	1.800000e+00	6.008240e-02	-4.53059e-07	
815	6.016481e-02	1.800000e+00	6.016481e-02	-8.32685e-07	
816	6.026481e-02	1.800000e+00	6.026481e-02	-9.79789e-07	
817	6.030233e-02	1.800000e+00	6.030233e-02	-9.85995e-07	
818	6.031480e-02	1.800000e+00	6.031480e-02	-9.86917e-07	
819	6.033431e-02	1.800000e+00	6.033431e-02	-9.87885e-07	
820	6.036011e-02	1.800000e+00	6.036011e-02	-9.88598e-07	
821	6.038553e-02	1.800000e+00	6.038553e-02	-9.88942e-07	
822	6.041028e-02	1.800000e+00	6.041028e-02	-9.89113e-07	
823	6.043628e-02	1.800000e+00	6.043628e-02	-9.89199e-07	
824	6.046238e-02	1.800000e+00	6.046238e-02	-9.89244e-07	
825	6.048981e-02	1.800000e+00	6.048981e-02	-9.89264e-07	
826	6.051858e-02	1.800000e+00	6.051858e-02	-9.89277e-07	
827	6.055114e-02	1.800000e+00	6.055114e-02	-9.89280e-07	
828	6.058927e-02	1.800000e+00	6.058927e-02	-9.89284e-07	
829	6.063814e-02	1.800000e+00	6.063814e-02	-9.89283e-07	
830	6.070441e-02	1.800000e+00	6.070441e-02	-9.89285e-07	
831	6.080441e-02	1.800000e+00	6.080441e-02	-9.89283e-07	
832	6.090441e-02	1.800000e+00	6.090441e-02	-9.89285e-07	
833	6.100441e-02	1.800000e+00	6.100441e-02	-9.89283e-07	
834	6.110441e-02	1.800000e+00	6.110441e-02	-9.89285e-07	
835	6.120441e-02	1.800000e+00	6.120441e-02	-9.89283e-07	
836	6.130441e-02	1.800000e+00	6.130441e-02	-9.89285e-07	
837	6.140441e-02	1.800000e+00	6.140441e-02	-9.89283e-07	
838	6.150441e-02	1.800000e+00	6.150441e-02	-9.89285e-07	
839	6.160441e-02	1.800000e+00	6.160441e-02	-9.89283e-07	
840	6.170441e-02	1.800000e+00	6.170441e-02	-9.89285e-07	
841	6.180441e-02	1.800000e+00	6.180441e-02	-9.89283e-07	
842	6.190441e-02	1.800000e+00	6.190441e-02	-9.89285e-07	
843	6.200441e-02	1.800000e+00	6.200441e-02	-9.89283e-07	
844	6.210441e-02	1.800000e+00	6.210441e-02	-9.89285e-07	
845	6.220441e-02	1.800000e+00	6.220441e-02	-9.89283e-07	
846	6.230441e-02	1.800000e+00	6.230441e-02	-9.89285e-07	
847	6.240441e-02	1.800000e+00	6.240441e-02	-9.89283e-07	
848	6.250441e-02	1.800000e+00	6.250441e-02	-9.89285e-07	
849	6.260441e-02	1.800000e+00	6.260441e-02	-9.89283e-07	
850	6.270441e-02	1.800000e+00	6.270441e-02	-9.89285e-07	
851	6.280441e-02	1.800000e+00	6.280441e-02	-9.89283e-07	
852	6.290441e-02	1.800000e+00	6.290441e-02	-9.89285e-07	
853	6.300441e-02	1.800000e+00	6.300441e-02	-9.89283e-07	
854	6.310441e-02	1.800000e+00	6.310441e-02	-9.89285e-07	
855	6.320441e-02	1.800000e+00	6.320441e-02	-9.89283e-07	
856	6.330441e-02	1.800000e+00	6.330441e-02	-9.89285e-07	
857	6.340441e-02	1.800000e+00	6.340441e-02	-9.89283e-07	
858	6.350441e-02	1.800000e+00	6.350441e-02	-9.89285e-07	
859	6.360441e-02	1.800000e+00	6.360441e-02	-9.89283e-07	
860	6.370441e-02	1.800000e+00	6.370441e-02	-9.89285e-07	
861	6.380441e-02	1.800000e+00	6.380441e-02	-9.89283e-07	
862	6.390441e-02	1.800000e+00	6.390441e-02	-9.89285e-07	
863	6.400441e-02	1.800000e+00	6.400441e-02	-9.89283e-07	
864	6.410441e-02	1.800000e+00	6.410441e-02	-9.89285e-07	
865	6.420441e-02	1.800000e+00	6.420441e-02	-9.89283e-07	
866	6.430441e-02	1.800000e+00	6.430441e-02	-9.89285e-07	

Index   time            V(1)            time            v1#branch       
--------------------------------------------------------------------------------
867	6.440441e-02	1.800000e+00	6.440441e-02	-9.89283e-07	
868	6.450441e-02	1.800000e+00	6.450441e-02	-9.89285e-07	
869	6.460441e-02	1.800000e+00	6.460441e-02	-9.89283e-07	
870	6.470441e-02	1.800000e+00	6.470441e-02	-9.89285e-07	
871	6.480441e-02	1.800000e+00	6.480441e-02	-9.89283e-07	
872	6.490441e-02	1.800000e+00	6.490441e-02	-9.89285e-07	
873	6.500441e-02	1.800000e+00	6.500441e-02	-9.89283e-07	
874	6.510441e-02	1.800000e+00	6.510441e-02	-9.89285e-07	
875	6.520441e-02	1.800000e+00	6.520441e-02	-9.89283e-07	
876	6.530441e-02	1.800000e+00	6.530441e-02	-9.89285e-07	
877	6.540441e-02	1.800000e+00	6.540441e-02	-9.89283e-07	
878	6.550441e-02	1.800000e+00	6.550441e-02	-9.89285e-07	
879	6.560441e-02	1.800000e+00	6.560441e-02	-9.89283e-07	
880	6.570441e-02	1.800000e+00	6.570441e-02	-9.89285e-07	
881	6.580441e-02	1.800000e+00	6.580441e-02	-9.89283e-07	
882	6.590441e-02	1.800000e+00	6.590441e-02	-9.89285e-07	
883	6.600441e-02	1.800000e+00	6.600441e-02	-9.89283e-07	
884	6.610441e-02	1.800000e+00	6.610441e-02	-9.89285e-07	
885	6.620441e-02	1.800000e+00	6.620441e-02	-9.89283e-07	
886	6.630441e-02	1.800000e+00	6.630441e-02	-9.89285e-07	
887	6.640441e-02	1.800000e+00	6.640441e-02	-9.89283e-07	
888	6.650441e-02	1.800000e+00	6.650441e-02	-9.89285e-07	
889	6.660441e-02	1.800000e+00	6.660441e-02	-9.89283e-07	
890	6.670441e-02	1.800000e+00	6.670441e-02	-9.89285e-07	
891	6.680441e-02	1.800000e+00	6.680441e-02	-9.89283e-07	
892	6.690441e-02	1.800000e+00	6.690441e-02	-9.89285e-07	
893	6.700441e-02	1.800000e+00	6.700441e-02	-9.89283e-07	
894	6.710441e-02	1.800000e+00	6.710441e-02	-9.89285e-07	
895	6.720441e-02	1.800000e+00	6.720441e-02	-9.89283e-07	
896	6.730441e-02	1.800000e+00	6.730441e-02	-9.89285e-07	
897	6.740441e-02	1.800000e+00	6.740441e-02	-9.89283e-07	
898	6.750441e-02	1.800000e+00	6.750441e-02	-9.89285e-07	
899	6.760441e-02	1.800000e+00	6.760441e-02	-9.89283e-07	
900	6.770441e-02	1.800000e+00	6.770441e-02	-9.89285e-07	
901	6.780441e-02	1.800000e+00	6.780441e-02	-9.89283e-07	
902	6.790441e-02	1.800000e+00	6.790441e-02	-9.89285e-07	
903	6.800441e-02	1.800000e+00	6.800441e-02	-9.89283e-07	
904	6.810441e-02	1.800000e+00	6.810441e-02	-9.89285e-07	
905	6.820441e-02	1.800000e+00	6.820441e-02	-9.89283e-07	
906	6.830441e-02	1.800000e+00	6.830441e-02	-9.89285e-07	
907	6.840441e-02	1.800000e+00	6.840441e-02	-9.89283e-07	
908	6.850441e-02	1.800000e+00	6.850441e-02	-9.89285e-07	
909	6.860441e-02	1.800000e+00	6.860441e-02	-9.89283e-07	
910	6.870441e-02	1.800000e+00	6.870441e-02	-9.89285e-07	
911	6.880441e-02	1.800000e+00	6.880441e-02	-9.89283e-07	
912	6.890441e-02	1.800000e+00	6.890441e-02	-9.89285e-07	
913	6.900441e-02	1.800000e+00	6.900441e-02	-9.89283e-07	
914	6.910441e-02	1.800000e+00	6.910441e-02	-9.89285e-07	
915	6.920441e-02	1.800000e+00	6.920441e-02	-9.89283e-07	
916	6.930441e-02	1.800000e+00	6.930441e-02	-9.89285e-07	
917	6.940441e-02	1.800000e+00	6.940441e-02	-9.89283e-07	
918	6.950441e-02	1.800000e+00	6.950441e-02	-9.89285e-07	
919	6.960441e-02	1.800000e+00	6.960441e-02	-9.89283e-07	
920	6.970441e-02	1.800000e+00	6.970441e-02	-9.89285e-07	
921	6.980441e-02	1.800000e+00	6.980441e-02	-9.89283e-07	
922	6.990441e-02	1.800000e+00	6.990441e-02	-9.89285e-07	
923	7.000000e-02	1.800000e+00	7.000000e-02	-9.89283e-07	
924	7.000000e-02	1.800000e+00	7.000000e-02	-6.84416e-05	

Index   time            V(1)            time            v1#branch       
--------------------------------------------------------------------------------
925	7.000000e-02	1.800000e+00	7.000000e-02	-1.02030e-03	
926	7.000000e-02	1.800000e+00	7.000000e-02	-3.92410e-03	
927	7.000000e-02	1.800000e+00	7.000000e-02	-6.43392e-03	
928	7.000000e-02	1.800000e+00	7.000000e-02	-6.39259e-03	
929	7.000000e-02	1.800000e+00	7.000000e-02	-6.39259e-03	
930	7.000000e-02	1.800000e+00	7.000000e-02	-6.39259e-03	
931	7.000000e-02	1.800000e+00	7.000000e-02	-6.39259e-03	
932	7.000000e-02	1.800000e+00	7.000000e-02	-6.39259e-03	
933	7.000000e-02	1.800000e+00	7.000000e-02	-6.39258e-03	
934	7.000000e-02	1.800000e+00	7.000000e-02	-6.39258e-03	
935	7.000001e-02	1.800000e+00	7.000001e-02	-6.39256e-03	
936	7.000001e-02	1.800000e+00	7.000001e-02	-6.39254e-03	
937	7.000002e-02	1.800000e+00	7.000002e-02	-6.39249e-03	
938	7.000004e-02	1.800000e+00	7.000004e-02	-6.39240e-03	
939	7.000008e-02	1.800000e+00	7.000008e-02	-6.39220e-03	
940	7.000017e-02	1.800000e+00	7.000017e-02	-6.39182e-03	
941	7.000033e-02	1.800000e+00	7.000033e-02	-6.39105e-03	
942	7.000066e-02	1.800000e+00	7.000066e-02	-6.38952e-03	
943	7.000131e-02	1.800000e+00	7.000131e-02	-6.38645e-03	
944	7.000262e-02	1.800000e+00	7.000262e-02	-6.38029e-03	
945	7.000524e-02	1.800000e+00	7.000524e-02	-6.36791e-03	
946	7.001049e-02	1.800000e+00	7.001049e-02	-6.34294e-03	
947	7.002097e-02	1.800000e+00	7.002097e-02	-6.29197e-03	
948	7.004194e-02	1.800000e+00	7.004194e-02	-6.18551e-03	
949	7.008388e-02	1.800000e+00	7.008388e-02	-5.95029e-03	
950	7.016777e-02	1.800000e+00	7.016777e-02	-5.39457e-03	
951	7.026777e-02	1.800000e+00	7.026777e-02	-3.38016e-03	
952	7.036777e-02	1.800000e+00	7.036777e-02	-1.37665e-03	
953	7.046777e-02	1.800000e+00	7.046777e-02	-4.35529e-04	
954	7.056777e-02	1.800000e+00	7.056777e-02	-1.22912e-04	
955	7.066777e-02	1.800000e+00	7.066777e-02	-3.34086e-05	
956	7.076777e-02	1.800000e+00	7.076777e-02	-8.98518e-06	
957	7.086777e-02	1.800000e+00	7.086777e-02	-2.41109e-06	
958	7.096777e-02	1.800000e+00	7.096777e-02	-6.47821e-07	
959	7.106777e-02	1.800000e+00	7.106777e-02	-1.76084e-07	
960	7.116777e-02	1.800000e+00	7.116777e-02	-4.94823e-08	
961	7.126777e-02	1.800000e+00	7.126777e-02	-1.55061e-08	
962	7.136777e-02	1.800000e+00	7.136777e-02	-6.45502e-09	
963	7.146777e-02	1.800000e+00	7.146777e-02	-3.98164e-09	
964	7.156777e-02	1.800000e+00	7.156777e-02	-3.36865e-09	
965	7.166777e-02	1.800000e+00	7.166777e-02	-3.15510e-09	
966	7.176777e-02	1.800000e+00	7.176777e-02	-3.14730e-09	
967	7.186777e-02	1.800000e+00	7.186777e-02	-3.09583e-09	
968	7.196777e-02	1.800000e+00	7.196777e-02	-3.13143e-09	
969	7.206777e-02	1.800000e+00	7.206777e-02	-3.09158e-09	
970	7.216777e-02	1.800000e+00	7.216777e-02	-3.13029e-09	
971	7.226777e-02	1.800000e+00	7.226777e-02	-3.09127e-09	
972	7.236777e-02	1.800000e+00	7.236777e-02	-3.13021e-09	
973	7.246777e-02	1.800000e+00	7.246777e-02	-3.09125e-09	
974	7.256777e-02	1.800000e+00	7.256777e-02	-3.13020e-09	
975	7.266777e-02	1.800000e+00	7.266777e-02	-3.09125e-09	
976	7.276777e-02	1.800000e+00	7.276777e-02	-3.13020e-09	
977	7.286777e-02	1.800000e+00	7.286777e-02	-3.09125e-09	
978	7.296777e-02	1.800000e+00	7.296777e-02	-3.13020e-09	
979	7.306777e-02	1.800000e+00	7.306777e-02	-3.09125e-09	
980	7.316777e-02	1.800000e+00	7.316777e-02	-3.13020e-09	
981	7.326777e-02	1.800000e+00	7.326777e-02	-3.09125e-09	
982	7.336777e-02	1.800000e+00	7.336777e-02	-3.13020e-09	

Index   time            V(1)            time            v1#branch       
--------------------------------------------------------------------------------
983	7.346777e-02	1.800000e+00	7.346777e-02	-3.09125e-09	
984	7.356777e-02	1.800000e+00	7.356777e-02	-3.13020e-09	
985	7.366777e-02	1.800000e+00	7.366777e-02	-3.09125e-09	
986	7.376777e-02	1.800000e+00	7.376777e-02	-3.13020e-09	
987	7.386777e-02	1.800000e+00	7.386777e-02	-3.09125e-09	
988	7.396777e-02	1.800000e+00	7.396777e-02	-3.13020e-09	
989	7.406777e-02	1.800000e+00	7.406777e-02	-3.09125e-09	
990	7.416777e-02	1.800000e+00	7.416777e-02	-3.13020e-09	
991	7.426777e-02	1.800000e+00	7.426777e-02	-3.09125e-09	
992	7.436777e-02	1.800000e+00	7.436777e-02	-3.13020e-09	
993	7.446777e-02	1.800000e+00	7.446777e-02	-3.09125e-09	
994	7.456777e-02	1.800000e+00	7.456777e-02	-3.13020e-09	
995	7.466777e-02	1.800000e+00	7.466777e-02	-3.09125e-09	
996	7.476777e-02	1.800000e+00	7.476777e-02	-3.13020e-09	
997	7.486777e-02	1.800000e+00	7.486777e-02	-3.09125e-09	
998	7.496777e-02	1.800000e+00	7.496777e-02	-3.13020e-09	
999	7.506777e-02	1.800000e+00	7.506777e-02	-3.09125e-09	
1000	7.516777e-02	1.800000e+00	7.516777e-02	-3.13020e-09	
1001	7.526777e-02	1.800000e+00	7.526777e-02	-3.09125e-09	
1002	7.536777e-02	1.800000e+00	7.536777e-02	-3.13020e-09	
1003	7.546777e-02	1.800000e+00	7.546777e-02	-3.09125e-09	
1004	7.556777e-02	1.800000e+00	7.556777e-02	-3.13020e-09	
1005	7.566777e-02	1.800000e+00	7.566777e-02	-3.09125e-09	
1006	7.576777e-02	1.800000e+00	7.576777e-02	-3.13020e-09	
1007	7.586777e-02	1.800000e+00	7.586777e-02	-3.09125e-09	
1008	7.596777e-02	1.800000e+00	7.596777e-02	-3.13020e-09	
1009	7.606777e-02	1.800000e+00	7.606777e-02	-3.09125e-09	
1010	7.616777e-02	1.800000e+00	7.616777e-02	-3.13020e-09	
1011	7.626777e-02	1.800000e+00	7.626777e-02	-3.09125e-09	
1012	7.636777e-02	1.800000e+00	7.636777e-02	-3.13020e-09	
1013	7.646777e-02	1.800000e+00	7.646777e-02	-3.09125e-09	
1014	7.656777e-02	1.800000e+00	7.656777e-02	-3.13020e-09	
1015	7.666777e-02	1.800000e+00	7.666777e-02	-3.09125e-09	
1016	7.676777e-02	1.800000e+00	7.676777e-02	-3.13020e-09	
1017	7.686777e-02	1.800000e+00	7.686777e-02	-3.09125e-09	
1018	7.696777e-02	1.800000e+00	7.696777e-02	-3.13020e-09	
1019	7.706777e-02	1.800000e+00	7.706777e-02	-3.09125e-09	
1020	7.716777e-02	1.800000e+00	7.716777e-02	-3.13020e-09	
1021	7.726777e-02	1.800000e+00	7.726777e-02	-3.09125e-09	
1022	7.736777e-02	1.800000e+00	7.736777e-02	-3.13020e-09	
1023	7.746777e-02	1.800000e+00	7.746777e-02	-3.09125e-09	
1024	7.756777e-02	1.800000e+00	7.756777e-02	-3.13020e-09	
1025	7.766777e-02	1.800000e+00	7.766777e-02	-3.09125e-09	
1026	7.776777e-02	1.800000e+00	7.776777e-02	-3.13020e-09	
1027	7.786777e-02	1.800000e+00	7.786777e-02	-3.09125e-09	
1028	7.796777e-02	1.800000e+00	7.796777e-02	-3.13020e-09	
1029	7.806777e-02	1.800000e+00	7.806777e-02	-3.09125e-09	
1030	7.816777e-02	1.800000e+00	7.816777e-02	-3.13020e-09	
1031	7.826777e-02	1.800000e+00	7.826777e-02	-3.09125e-09	
1032	7.836777e-02	1.800000e+00	7.836777e-02	-3.13020e-09	
1033	7.846777e-02	1.800000e+00	7.846777e-02	-3.09125e-09	
1034	7.856777e-02	1.800000e+00	7.856777e-02	-3.13020e-09	
1035	7.866777e-02	1.800000e+00	7.866777e-02	-3.09125e-09	
1036	7.876777e-02	1.800000e+00	7.876777e-02	-3.13020e-09	
1037	7.886777e-02	1.800000e+00	7.886777e-02	-3.09125e-09	
1038	7.896777e-02	1.800000e+00	7.896777e-02	-3.13020e-09	
1039	7.906777e-02	1.800000e+00	7.906777e-02	-3.09125e-09	
1040	7.916777e-02	1.800000e+00	7.916777e-02	-3.13020e-09	

Index   time            V(1)            time            v1#branch       
--------------------------------------------------------------------------------
1041	7.926777e-02	1.800000e+00	7.926777e-02	-3.09125e-09	
1042	7.936777e-02	1.800000e+00	7.936777e-02	-3.13020e-09	
1043	7.946777e-02	1.800000e+00	7.946777e-02	-3.09125e-09	
1044	7.956777e-02	1.800000e+00	7.956777e-02	-3.13020e-09	
1045	7.966777e-02	1.800000e+00	7.966777e-02	-3.09125e-09	
1046	7.976777e-02	1.800000e+00	7.976777e-02	-3.13020e-09	
1047	7.986777e-02	1.800000e+00	7.986777e-02	-3.09125e-09	
1048	7.996777e-02	1.800000e+00	7.996777e-02	-3.13020e-09	
1049	8.000000e-02	1.800000e+00	8.000000e-02	-3.09125e-09	

                    * webspice studio — generated netlist
                    Transient Analysis  Mon Jul 20 14:57:24  2026
--------------------------------------------------------------------------------
Index   time            v2#branch       vin             vout            
--------------------------------------------------------------------------------
0	0.000000e+00	0.000000e+00	0.000000e+00	1.800000e+00	
1	1.000000e-11	-1.23153e-04	1.800000e-02	1.800000e+00	
2	2.000000e-11	-1.23026e-04	3.600000e-02	1.800000e+00	
3	4.000000e-11	-1.22785e-04	7.200000e-02	1.800000e+00	
4	8.000000e-11	-1.22609e-04	1.440000e-01	1.800000e+00	
5	1.600000e-10	-1.24556e-04	2.880000e-01	1.800000e+00	
6	3.200000e-10	-1.53156e-04	5.760000e-01	1.800000e+00	
7	5.000135e-10	-1.32471e-04	9.000243e-01	1.799999e+00	
8	7.309138e-10	-1.52196e-04	1.315645e+00	1.799998e+00	
9	1.000000e-09	-9.64716e-05	1.800000e+00	1.799996e+00	
10	1.017418e-09	-2.71209e-10	1.800000e+00	1.799996e+00	
11	1.052255e-09	-2.71209e-10	1.800000e+00	1.799995e+00	
12	1.121927e-09	-2.71209e-10	1.800000e+00	1.799995e+00	
13	1.261273e-09	-2.71209e-10	1.800000e+00	1.799993e+00	
14	1.539964e-09	-2.71209e-10	1.800000e+00	1.799990e+00	
15	2.097347e-09	-2.71209e-10	1.800000e+00	1.799984e+00	
16	3.212112e-09	-2.71209e-10	1.800000e+00	1.799973e+00	
17	5.441642e-09	-2.71209e-10	1.800000e+00	1.799950e+00	
18	9.900702e-09	-2.71209e-10	1.800000e+00	1.799903e+00	
19	1.881882e-08	-2.71208e-10	1.800000e+00	1.799811e+00	
20	3.665506e-08	-2.71208e-10	1.800000e+00	1.799626e+00	
21	7.232755e-08	-2.71206e-10	1.800000e+00	1.799255e+00	
22	1.436725e-07	-2.71203e-10	1.800000e+00	1.798515e+00	
23	2.863624e-07	-2.71196e-10	1.800000e+00	1.797034e+00	
24	5.717423e-07	-2.71184e-10	1.800000e+00	1.794073e+00	
25	1.142502e-06	-2.71160e-10	1.800000e+00	1.788154e+00	
26	2.284021e-06	-2.71115e-10	1.800000e+00	1.776326e+00	
27	4.567060e-06	-2.71038e-10	1.800000e+00	1.752710e+00	
28	9.133138e-06	-2.70934e-10	1.800000e+00	1.705646e+00	
29	1.826529e-05	-2.70947e-10	1.800000e+00	1.612198e+00	
30	3.652960e-05	-2.72187e-10	1.800000e+00	1.428200e+00	
31	7.305823e-05	-2.82973e-10	1.800000e+00	1.073872e+00	
32	1.461155e-04	-1.45524e-10	1.800000e+00	4.665027e-01	
33	2.461155e-04	-1.11804e-10	1.800000e+00	4.755219e-02	
34	3.163605e-04	7.088587e-11	1.800000e+00	3.077175e-03	
35	3.264836e-04	-7.55576e-11	1.800000e+00	2.361238e-03	
36	3.395953e-04	7.208314e-11	1.800000e+00	1.676087e-03	
37	3.546937e-04	-7.44285e-11	1.800000e+00	1.130093e-03	
38	3.848906e-04	7.308699e-11	1.800000e+00	5.055259e-04	
39	4.132242e-04	-7.36764e-11	1.800000e+00	2.497516e-04	
40	4.373705e-04	7.339565e-11	1.800000e+00	1.466882e-04	
41	4.631054e-04	-7.35360e-11	1.800000e+00	9.101678e-05	
42	4.908985e-04	7.346844e-11	1.800000e+00	6.207990e-05	
43	5.226174e-04	-7.34985e-11	1.800000e+00	4.740245e-05	
44	5.579228e-04	7.348661e-11	1.800000e+00	4.095624e-05	
45	6.018593e-04	-7.34906e-11	1.800000e+00	3.826098e-05	
46	6.591205e-04	7.348965e-11	1.800000e+00	3.742788e-05	
47	7.438352e-04	-7.34898e-11	1.800000e+00	3.728826e-05	
48	8.438352e-04	7.348976e-11	1.800000e+00	3.729701e-05	
49	9.438352e-04	-7.34898e-11	1.800000e+00	3.729579e-05	
50	1.043835e-03	7.348976e-11	1.800000e+00	3.729596e-05	
51	1.143835e-03	-7.34898e-11	1.800000e+00	3.729594e-05	
52	1.243835e-03	7.348976e-11	1.800000e+00	3.729594e-05	
53	1.343835e-03	-7.34898e-11	1.800000e+00	3.729594e-05	
54	1.443835e-03	7.348976e-11	1.800000e+00	3.729594e-05	

Index   time            v2#branch       vin             vout            
--------------------------------------------------------------------------------
55	1.543835e-03	-7.34898e-11	1.800000e+00	3.729594e-05	
56	1.643835e-03	7.348976e-11	1.800000e+00	3.729594e-05	
57	1.743835e-03	-7.34898e-11	1.800000e+00	3.729594e-05	
58	1.843835e-03	7.348976e-11	1.800000e+00	3.729594e-05	
59	1.943835e-03	-7.34898e-11	1.800000e+00	3.729594e-05	
60	2.043835e-03	7.348976e-11	1.800000e+00	3.729594e-05	
61	2.143835e-03	-7.34898e-11	1.800000e+00	3.729594e-05	
62	2.243835e-03	7.348976e-11	1.800000e+00	3.729594e-05	
63	2.343835e-03	-7.34898e-11	1.800000e+00	3.729594e-05	
64	2.443835e-03	7.348976e-11	1.800000e+00	3.729594e-05	
65	2.543835e-03	-7.34898e-11	1.800000e+00	3.729594e-05	
66	2.643835e-03	7.348976e-11	1.800000e+00	3.729594e-05	
67	2.743835e-03	-7.34898e-11	1.800000e+00	3.729594e-05	
68	2.843835e-03	7.348976e-11	1.800000e+00	3.729594e-05	
69	2.943835e-03	-7.34898e-11	1.800000e+00	3.729594e-05	
70	3.043835e-03	7.348976e-11	1.800000e+00	3.729594e-05	
71	3.143835e-03	-7.34898e-11	1.800000e+00	3.729594e-05	
72	3.243835e-03	7.348976e-11	1.800000e+00	3.729594e-05	
73	3.343835e-03	-7.34898e-11	1.800000e+00	3.729594e-05	
74	3.443835e-03	7.348976e-11	1.800000e+00	3.729594e-05	
75	3.543835e-03	-7.34898e-11	1.800000e+00	3.729594e-05	
76	3.643835e-03	7.348976e-11	1.800000e+00	3.729594e-05	
77	3.743835e-03	-7.34898e-11	1.800000e+00	3.729594e-05	
78	3.843835e-03	7.348976e-11	1.800000e+00	3.729594e-05	
79	3.943835e-03	-7.34898e-11	1.800000e+00	3.729594e-05	
80	4.043835e-03	7.348976e-11	1.800000e+00	3.729594e-05	
81	4.143835e-03	-7.34898e-11	1.800000e+00	3.729594e-05	
82	4.243835e-03	7.348976e-11	1.800000e+00	3.729594e-05	
83	4.343835e-03	-7.34898e-11	1.800000e+00	3.729594e-05	
84	4.443835e-03	7.348976e-11	1.800000e+00	3.729594e-05	
85	4.543835e-03	-7.34898e-11	1.800000e+00	3.729594e-05	
86	4.643835e-03	7.348976e-11	1.800000e+00	3.729594e-05	
87	4.743835e-03	-7.34898e-11	1.800000e+00	3.729594e-05	
88	4.843835e-03	7.348976e-11	1.800000e+00	3.729594e-05	
89	4.943835e-03	-7.34898e-11	1.800000e+00	3.729594e-05	
90	5.043835e-03	7.348976e-11	1.800000e+00	3.729594e-05	
91	5.143835e-03	-7.34898e-11	1.800000e+00	3.729594e-05	
92	5.243835e-03	7.348976e-11	1.800000e+00	3.729594e-05	
93	5.343835e-03	-7.34898e-11	1.800000e+00	3.729594e-05	
94	5.443835e-03	7.348976e-11	1.800000e+00	3.729594e-05	
95	5.543835e-03	-7.34898e-11	1.800000e+00	3.729594e-05	
96	5.643835e-03	7.348976e-11	1.800000e+00	3.729594e-05	
97	5.743835e-03	-7.34898e-11	1.800000e+00	3.729594e-05	
98	5.843835e-03	7.348976e-11	1.800000e+00	3.729594e-05	
99	5.943835e-03	-7.34898e-11	1.800000e+00	3.729594e-05	
100	6.043835e-03	7.348976e-11	1.800000e+00	3.729594e-05	
101	6.143835e-03	-7.34898e-11	1.800000e+00	3.729594e-05	
102	6.243835e-03	7.348976e-11	1.800000e+00	3.729594e-05	
103	6.343835e-03	-7.34898e-11	1.800000e+00	3.729594e-05	
104	6.443835e-03	7.348976e-11	1.800000e+00	3.729594e-05	
105	6.543835e-03	-7.34898e-11	1.800000e+00	3.729594e-05	
106	6.643835e-03	7.348976e-11	1.800000e+00	3.729594e-05	
107	6.743835e-03	-7.34898e-11	1.800000e+00	3.729594e-05	
108	6.843835e-03	7.348976e-11	1.800000e+00	3.729594e-05	
109	6.943835e-03	-7.34898e-11	1.800000e+00	3.729594e-05	
110	7.043835e-03	7.348976e-11	1.800000e+00	3.729594e-05	
111	7.143835e-03	-7.34898e-11	1.800000e+00	3.729594e-05	
112	7.243835e-03	7.348976e-11	1.800000e+00	3.729594e-05	

Index   time            v2#branch       vin             vout            
--------------------------------------------------------------------------------
113	7.343835e-03	-7.34898e-11	1.800000e+00	3.729594e-05	
114	7.443835e-03	7.348976e-11	1.800000e+00	3.729594e-05	
115	7.543835e-03	-7.34898e-11	1.800000e+00	3.729594e-05	
116	7.643835e-03	7.348976e-11	1.800000e+00	3.729594e-05	
117	7.743835e-03	-7.34898e-11	1.800000e+00	3.729594e-05	
118	7.843835e-03	7.348976e-11	1.800000e+00	3.729594e-05	
119	7.943835e-03	-7.34898e-11	1.800000e+00	3.729594e-05	
120	8.043835e-03	7.348976e-11	1.800000e+00	3.729594e-05	
121	8.143835e-03	-7.34898e-11	1.800000e+00	3.729594e-05	
122	8.243835e-03	7.348976e-11	1.800000e+00	3.729594e-05	
123	8.343835e-03	-7.34898e-11	1.800000e+00	3.729594e-05	
124	8.443835e-03	7.348976e-11	1.800000e+00	3.729594e-05	
125	8.543835e-03	-7.34898e-11	1.800000e+00	3.729594e-05	
126	8.643835e-03	7.348976e-11	1.800000e+00	3.729594e-05	
127	8.743835e-03	-7.34898e-11	1.800000e+00	3.729594e-05	
128	8.843835e-03	7.348976e-11	1.800000e+00	3.729594e-05	
129	8.943835e-03	-7.34898e-11	1.800000e+00	3.729594e-05	
130	9.043835e-03	7.348976e-11	1.800000e+00	3.729594e-05	
131	9.143835e-03	-7.34898e-11	1.800000e+00	3.729594e-05	
132	9.243835e-03	7.348976e-11	1.800000e+00	3.729594e-05	
133	9.343835e-03	-7.34898e-11	1.800000e+00	3.729594e-05	
134	9.443835e-03	7.348976e-11	1.800000e+00	3.729594e-05	
135	9.543835e-03	-7.34898e-11	1.800000e+00	3.729594e-05	
136	9.643835e-03	7.348976e-11	1.800000e+00	3.729594e-05	
137	9.743835e-03	-7.34898e-11	1.800000e+00	3.729594e-05	
138	9.843835e-03	7.348976e-11	1.800000e+00	3.729594e-05	
139	9.943835e-03	-7.34898e-11	1.800000e+00	3.729594e-05	
140	1.000000e-02	7.348976e-11	1.800000e+00	3.729594e-05	
141	1.000000e-02	1.369668e-04	1.620000e+00	3.729280e-05	
142	1.000000e-02	1.532916e-04	1.260000e+00	3.738006e-05	
143	1.000000e-02	1.375895e-04	5.400000e-01	3.832546e-05	
144	1.000000e-02	1.193527e-04	0.000000e+00	3.984957e-05	
145	1.000000e-02	1.460831e-10	0.000000e+00	3.997741e-05	
146	1.000000e-02	1.460831e-10	0.000000e+00	4.023310e-05	
147	1.000000e-02	1.460831e-10	0.000000e+00	4.074448e-05	
148	1.000000e-02	1.460831e-10	0.000000e+00	4.176724e-05	
149	1.000000e-02	1.460831e-10	0.000000e+00	4.381275e-05	
150	1.000000e-02	1.460830e-10	0.000000e+00	4.790378e-05	
151	1.000000e-02	1.460829e-10	0.000000e+00	5.608583e-05	
152	1.000001e-02	1.460826e-10	0.000000e+00	7.244991e-05	
153	1.000001e-02	1.460820e-10	0.000000e+00	1.051780e-04	
154	1.000002e-02	1.460809e-10	0.000000e+00	1.706337e-04	
155	1.000004e-02	1.460787e-10	0.000000e+00	3.015438e-04	
156	1.000008e-02	1.460742e-10	0.000000e+00	5.633580e-04	
157	1.000017e-02	1.460653e-10	0.000000e+00	1.086963e-03	
158	1.000033e-02	1.460475e-10	0.000000e+00	2.134079e-03	
159	1.000066e-02	1.460119e-10	0.000000e+00	4.227933e-03	
160	1.000131e-02	1.459407e-10	0.000000e+00	8.414131e-03	
161	1.000262e-02	1.457982e-10	0.000000e+00	1.678048e-02	
162	1.000524e-02	1.455122e-10	0.000000e+00	3.348888e-02	
163	1.001049e-02	1.449347e-10	0.000000e+00	6.680777e-02	
164	1.002097e-02	1.437583e-10	0.000000e+00	1.330474e-01	
165	1.004194e-02	1.412858e-10	0.000000e+00	2.638760e-01	
166	1.008388e-02	1.357620e-10	0.000000e+00	5.183681e-01	
167	1.016776e-02	1.173199e-10	0.000000e+00	9.941795e-01	
168	1.026776e-02	9.428622e-11	0.000000e+00	1.432916e+00	
169	1.036776e-02	5.359661e-11	0.000000e+00	1.670756e+00	
170	1.046776e-02	5.177977e-12	0.000000e+00	1.761365e+00	

Index   time            v2#branch       vin             vout            
--------------------------------------------------------------------------------
171	1.056776e-02	1.313546e-11	0.000000e+00	1.789287e+00	
172	1.066776e-02	-7.99369e-12	0.000000e+00	1.797102e+00	
173	1.076776e-02	9.389115e-12	0.000000e+00	1.799222e+00	
174	1.086776e-02	-9.01406e-12	0.000000e+00	1.799791e+00	
175	1.096776e-02	9.114829e-12	0.000000e+00	1.799944e+00	
176	1.106776e-02	-9.08760e-12	0.000000e+00	1.799985e+00	
177	1.116776e-02	9.094904e-12	0.000000e+00	1.799996e+00	
178	1.126776e-02	-9.09294e-12	0.000000e+00	1.799999e+00	
179	1.136776e-02	9.093471e-12	0.000000e+00	1.799999e+00	
180	1.146776e-02	-9.09333e-12	0.000000e+00	1.800000e+00	
181	1.156776e-02	9.093367e-12	0.000000e+00	1.800000e+00	
182	1.166776e-02	-9.09336e-12	0.000000e+00	1.800000e+00	
183	1.176776e-02	9.093360e-12	0.000000e+00	1.800000e+00	
184	1.186776e-02	-9.09336e-12	0.000000e+00	1.800000e+00	
185	1.196776e-02	9.093359e-12	0.000000e+00	1.800000e+00	
186	1.206776e-02	-9.09336e-12	0.000000e+00	1.800000e+00	
187	1.216776e-02	9.093359e-12	0.000000e+00	1.800000e+00	
188	1.226776e-02	-9.09336e-12	0.000000e+00	1.800000e+00	
189	1.236776e-02	9.093359e-12	0.000000e+00	1.800000e+00	
190	1.246776e-02	-9.09336e-12	0.000000e+00	1.800000e+00	
191	1.256776e-02	9.093359e-12	0.000000e+00	1.800000e+00	
192	1.266776e-02	-9.09336e-12	0.000000e+00	1.800000e+00	
193	1.276776e-02	9.093359e-12	0.000000e+00	1.800000e+00	
194	1.286776e-02	-9.09336e-12	0.000000e+00	1.800000e+00	
195	1.296776e-02	9.093359e-12	0.000000e+00	1.800000e+00	
196	1.306776e-02	-9.09336e-12	0.000000e+00	1.800000e+00	
197	1.316776e-02	9.093359e-12	0.000000e+00	1.800000e+00	
198	1.326776e-02	-9.09336e-12	0.000000e+00	1.800000e+00	
199	1.336776e-02	9.093359e-12	0.000000e+00	1.800000e+00	
200	1.346776e-02	-9.09336e-12	0.000000e+00	1.800000e+00	
201	1.356776e-02	9.093359e-12	0.000000e+00	1.800000e+00	
202	1.366776e-02	-9.09336e-12	0.000000e+00	1.800000e+00	
203	1.376776e-02	9.093359e-12	0.000000e+00	1.800000e+00	
204	1.386776e-02	-9.09336e-12	0.000000e+00	1.800000e+00	
205	1.396776e-02	9.093359e-12	0.000000e+00	1.800000e+00	
206	1.406776e-02	-9.09336e-12	0.000000e+00	1.800000e+00	
207	1.416776e-02	9.093359e-12	0.000000e+00	1.800000e+00	
208	1.426776e-02	-9.09336e-12	0.000000e+00	1.800000e+00	
209	1.436776e-02	9.093359e-12	0.000000e+00	1.800000e+00	
210	1.446776e-02	-9.09336e-12	0.000000e+00	1.800000e+00	
211	1.456776e-02	9.093359e-12	0.000000e+00	1.800000e+00	
212	1.466776e-02	-9.09336e-12	0.000000e+00	1.800000e+00	
213	1.476776e-02	9.093359e-12	0.000000e+00	1.800000e+00	
214	1.486776e-02	-9.09336e-12	0.000000e+00	1.800000e+00	
215	1.496776e-02	9.093359e-12	0.000000e+00	1.800000e+00	
216	1.506776e-02	-9.09336e-12	0.000000e+00	1.800000e+00	
217	1.516776e-02	9.093359e-12	0.000000e+00	1.800000e+00	
218	1.526776e-02	-9.09336e-12	0.000000e+00	1.800000e+00	
219	1.536776e-02	9.093359e-12	0.000000e+00	1.800000e+00	
220	1.546776e-02	-9.09336e-12	0.000000e+00	1.800000e+00	
221	1.556776e-02	9.093359e-12	0.000000e+00	1.800000e+00	
222	1.566776e-02	-9.09336e-12	0.000000e+00	1.800000e+00	
223	1.576776e-02	9.093359e-12	0.000000e+00	1.800000e+00	
224	1.586776e-02	-9.09336e-12	0.000000e+00	1.800000e+00	
225	1.596776e-02	9.093359e-12	0.000000e+00	1.800000e+00	
226	1.606776e-02	-9.09336e-12	0.000000e+00	1.800000e+00	
227	1.616776e-02	9.093359e-12	0.000000e+00	1.800000e+00	
228	1.626776e-02	-9.09336e-12	0.000000e+00	1.800000e+00	

Index   time            v2#branch       vin             vout            
--------------------------------------------------------------------------------
229	1.636776e-02	9.093359e-12	0.000000e+00	1.800000e+00	
230	1.646776e-02	-9.09336e-12	0.000000e+00	1.800000e+00	
231	1.656776e-02	9.093359e-12	0.000000e+00	1.800000e+00	
232	1.666776e-02	-9.09336e-12	0.000000e+00	1.800000e+00	
233	1.676776e-02	9.093359e-12	0.000000e+00	1.800000e+00	
234	1.686776e-02	-9.09336e-12	0.000000e+00	1.800000e+00	
235	1.696776e-02	9.093359e-12	0.000000e+00	1.800000e+00	
236	1.706776e-02	-9.09336e-12	0.000000e+00	1.800000e+00	
237	1.716776e-02	9.093359e-12	0.000000e+00	1.800000e+00	
238	1.726776e-02	-9.09336e-12	0.000000e+00	1.800000e+00	
239	1.736776e-02	9.093359e-12	0.000000e+00	1.800000e+00	
240	1.746776e-02	-9.09336e-12	0.000000e+00	1.800000e+00	
241	1.756776e-02	9.093359e-12	0.000000e+00	1.800000e+00	
242	1.766776e-02	-9.09336e-12	0.000000e+00	1.800000e+00	
243	1.776776e-02	9.093359e-12	0.000000e+00	1.800000e+00	
244	1.786776e-02	-9.09336e-12	0.000000e+00	1.800000e+00	
245	1.796776e-02	9.093359e-12	0.000000e+00	1.800000e+00	
246	1.806776e-02	-9.09336e-12	0.000000e+00	1.800000e+00	
247	1.816776e-02	9.093359e-12	0.000000e+00	1.800000e+00	
248	1.826776e-02	-9.09336e-12	0.000000e+00	1.800000e+00	
249	1.836776e-02	9.093359e-12	0.000000e+00	1.800000e+00	
250	1.846776e-02	-9.09336e-12	0.000000e+00	1.800000e+00	
251	1.856776e-02	9.093359e-12	0.000000e+00	1.800000e+00	
252	1.866776e-02	-9.09336e-12	0.000000e+00	1.800000e+00	
253	1.876776e-02	9.093359e-12	0.000000e+00	1.800000e+00	
254	1.886776e-02	-9.09336e-12	0.000000e+00	1.800000e+00	
255	1.896776e-02	9.093359e-12	0.000000e+00	1.800000e+00	
256	1.906776e-02	-9.09336e-12	0.000000e+00	1.800000e+00	
257	1.916776e-02	9.093359e-12	0.000000e+00	1.800000e+00	
258	1.926776e-02	-9.09336e-12	0.000000e+00	1.800000e+00	
259	1.936776e-02	9.093359e-12	0.000000e+00	1.800000e+00	
260	1.946776e-02	-9.09336e-12	0.000000e+00	1.800000e+00	
261	1.956776e-02	9.093359e-12	0.000000e+00	1.800000e+00	
262	1.966776e-02	-9.09336e-12	0.000000e+00	1.800000e+00	
263	1.976776e-02	9.093359e-12	0.000000e+00	1.800000e+00	
264	1.986776e-02	-9.09336e-12	0.000000e+00	1.800000e+00	
265	1.996776e-02	9.093359e-12	0.000000e+00	1.800000e+00	
266	2.000000e-02	-9.09336e-12	0.000000e+00	1.800000e+00	
267	2.000000e-02	-1.22792e-04	1.800000e-01	1.800000e+00	
268	2.000000e-02	-1.45273e-04	5.400000e-01	1.800000e+00	
269	2.000000e-02	-1.39986e-04	1.260000e+00	1.799998e+00	
270	2.000000e-02	-1.12168e-04	1.800000e+00	1.799996e+00	
271	2.000000e-02	-2.74337e-10	1.800000e+00	1.799996e+00	
272	2.000000e-02	-2.68081e-10	1.800000e+00	1.799995e+00	
273	2.000000e-02	-2.74337e-10	1.800000e+00	1.799994e+00	
274	2.000000e-02	-2.68081e-10	1.800000e+00	1.799993e+00	
275	2.000000e-02	-2.74337e-10	1.800000e+00	1.799989e+00	
276	2.000000e-02	-2.68081e-10	1.800000e+00	1.799983e+00	
277	2.000000e-02	-2.74337e-10	1.800000e+00	1.799970e+00	
278	2.000001e-02	-2.68081e-10	1.800000e+00	1.799944e+00	
279	2.000001e-02	-2.74337e-10	1.800000e+00	1.799892e+00	
280	2.000002e-02	-2.68080e-10	1.800000e+00	1.799787e+00	
281	2.000004e-02	-2.74336e-10	1.800000e+00	1.799578e+00	
282	2.000008e-02	-2.68077e-10	1.800000e+00	1.799161e+00	
283	2.000016e-02	-2.74330e-10	1.800000e+00	1.798326e+00	
284	2.000032e-02	-2.68066e-10	1.800000e+00	1.796655e+00	
285	2.000064e-02	-2.74309e-10	1.800000e+00	1.793316e+00	
286	2.000129e-02	-2.68026e-10	1.800000e+00	1.786640e+00	

Index   time            v2#branch       vin             vout            
--------------------------------------------------------------------------------
287	2.000258e-02	-2.74233e-10	1.800000e+00	1.773302e+00	
288	2.000515e-02	-2.67893e-10	1.800000e+00	1.746677e+00	
289	2.001030e-02	-2.74047e-10	1.800000e+00	1.693641e+00	
290	2.002060e-02	-2.67876e-10	1.800000e+00	1.588440e+00	
291	2.004120e-02	-2.76002e-10	1.800000e+00	1.381791e+00	
292	2.008240e-02	-2.71407e-10	1.800000e+00	9.868349e-01	
293	2.016481e-02	-1.31574e-10	1.800000e+00	3.519367e-01	
294	2.026481e-02	-7.65589e-11	1.800000e+00	1.953049e-02	
295	2.030233e-02	5.451192e-11	1.800000e+00	6.751804e-03	
296	2.031480e-02	-6.43615e-11	1.800000e+00	4.857103e-03	
297	2.033431e-02	5.780109e-11	1.800000e+00	2.881942e-03	
298	2.036011e-02	-6.14399e-11	1.800000e+00	1.434025e-03	
299	2.038553e-02	5.964362e-11	1.800000e+00	7.298955e-04	
300	2.041028e-02	-6.05407e-11	1.800000e+00	3.875820e-04	
301	2.043628e-02	6.009257e-11	1.800000e+00	2.079452e-04	
302	2.046238e-02	-6.03107e-11	1.800000e+00	1.201847e-04	
303	2.048981e-02	6.020612e-11	1.800000e+00	7.596107e-05	
304	2.051858e-02	-6.02543e-11	1.800000e+00	5.460428e-05	
305	2.055114e-02	6.023347e-11	1.800000e+00	4.416536e-05	
306	2.058927e-02	-6.02413e-11	1.800000e+00	3.955075e-05	
307	2.063814e-02	6.023897e-11	1.800000e+00	3.777741e-05	
308	2.070441e-02	-6.02394e-11	1.800000e+00	3.732694e-05	
309	2.080441e-02	6.023938e-11	1.800000e+00	3.729159e-05	
310	2.090441e-02	-6.02394e-11	1.800000e+00	3.729655e-05	
311	2.100441e-02	6.023938e-11	1.800000e+00	3.729585e-05	
312	2.110441e-02	-6.02394e-11	1.800000e+00	3.729595e-05	
313	2.120441e-02	6.023938e-11	1.800000e+00	3.729594e-05	
314	2.130441e-02	-6.02394e-11	1.800000e+00	3.729594e-05	
315	2.140441e-02	6.023938e-11	1.800000e+00	3.729594e-05	
316	2.150441e-02	-6.02394e-11	1.800000e+00	3.729594e-05	
317	2.160441e-02	6.023938e-11	1.800000e+00	3.729594e-05	
318	2.170441e-02	-6.02394e-11	1.800000e+00	3.729594e-05	
319	2.180441e-02	6.023938e-11	1.800000e+00	3.729594e-05	
320	2.190441e-02	-6.02394e-11	1.800000e+00	3.729594e-05	
321	2.200441e-02	6.023938e-11	1.800000e+00	3.729594e-05	
322	2.210441e-02	-6.02394e-11	1.800000e+00	3.729594e-05	
323	2.220441e-02	6.023938e-11	1.800000e+00	3.729594e-05	
324	2.230441e-02	-6.02394e-11	1.800000e+00	3.729594e-05	
325	2.240441e-02	6.023938e-11	1.800000e+00	3.729594e-05	
326	2.250441e-02	-6.02394e-11	1.800000e+00	3.729594e-05	
327	2.260441e-02	6.023938e-11	1.800000e+00	3.729594e-05	
328	2.270441e-02	-6.02394e-11	1.800000e+00	3.729594e-05	
329	2.280441e-02	6.023938e-11	1.800000e+00	3.729594e-05	
330	2.290441e-02	-6.02394e-11	1.800000e+00	3.729594e-05	
331	2.300441e-02	6.023938e-11	1.800000e+00	3.729594e-05	
332	2.310441e-02	-6.02394e-11	1.800000e+00	3.729594e-05	
333	2.320441e-02	6.023938e-11	1.800000e+00	3.729594e-05	
334	2.330441e-02	-6.02394e-11	1.800000e+00	3.729594e-05	
335	2.340441e-02	6.023938e-11	1.800000e+00	3.729594e-05	
336	2.350441e-02	-6.02394e-11	1.800000e+00	3.729594e-05	
337	2.360441e-02	6.023938e-11	1.800000e+00	3.729594e-05	
338	2.370441e-02	-6.02394e-11	1.800000e+00	3.729594e-05	
339	2.380441e-02	6.023938e-11	1.800000e+00	3.729594e-05	
340	2.390441e-02	-6.02394e-11	1.800000e+00	3.729594e-05	
341	2.400441e-02	6.023938e-11	1.800000e+00	3.729594e-05	
342	2.410441e-02	-6.02394e-11	1.800000e+00	3.729594e-05	
343	2.420441e-02	6.023938e-11	1.800000e+00	3.729594e-05	
344	2.430441e-02	-6.02394e-11	1.800000e+00	3.729594e-05	

Index   time            v2#branch       vin             vout            
--------------------------------------------------------------------------------
345	2.440441e-02	6.023938e-11	1.800000e+00	3.729594e-05	
346	2.450441e-02	-6.02394e-11	1.800000e+00	3.729594e-05	
347	2.460441e-02	6.023938e-11	1.800000e+00	3.729594e-05	
348	2.470441e-02	-6.02394e-11	1.800000e+00	3.729594e-05	
349	2.480441e-02	6.023938e-11	1.800000e+00	3.729594e-05	
350	2.490441e-02	-6.02394e-11	1.800000e+00	3.729594e-05	
351	2.500441e-02	6.023938e-11	1.800000e+00	3.729594e-05	
352	2.510441e-02	-6.02394e-11	1.800000e+00	3.729594e-05	
353	2.520441e-02	6.023938e-11	1.800000e+00	3.729594e-05	
354	2.530441e-02	-6.02394e-11	1.800000e+00	3.729594e-05	
355	2.540441e-02	6.023938e-11	1.800000e+00	3.729594e-05	
356	2.550441e-02	-6.02394e-11	1.800000e+00	3.729594e-05	
357	2.560441e-02	6.023938e-11	1.800000e+00	3.729594e-05	
358	2.570441e-02	-6.02394e-11	1.800000e+00	3.729594e-05	
359	2.580441e-02	6.023938e-11	1.800000e+00	3.729594e-05	
360	2.590441e-02	-6.02394e-11	1.800000e+00	3.729594e-05	
361	2.600441e-02	6.023938e-11	1.800000e+00	3.729594e-05	
362	2.610441e-02	-6.02394e-11	1.800000e+00	3.729594e-05	
363	2.620441e-02	6.023938e-11	1.800000e+00	3.729594e-05	
364	2.630441e-02	-6.02394e-11	1.800000e+00	3.729594e-05	
365	2.640441e-02	6.023938e-11	1.800000e+00	3.729594e-05	
366	2.650441e-02	-6.02394e-11	1.800000e+00	3.729594e-05	
367	2.660441e-02	6.023938e-11	1.800000e+00	3.729594e-05	
368	2.670441e-02	-6.02394e-11	1.800000e+00	3.729594e-05	
369	2.680441e-02	6.023938e-11	1.800000e+00	3.729594e-05	
370	2.690441e-02	-6.02394e-11	1.800000e+00	3.729594e-05	
371	2.700441e-02	6.023938e-11	1.800000e+00	3.729594e-05	
372	2.710441e-02	-6.02394e-11	1.800000e+00	3.729594e-05	
373	2.720441e-02	6.023938e-11	1.800000e+00	3.729594e-05	
374	2.730441e-02	-6.02394e-11	1.800000e+00	3.729594e-05	
375	2.740441e-02	6.023938e-11	1.800000e+00	3.729594e-05	
376	2.750441e-02	-6.02394e-11	1.800000e+00	3.729594e-05	
377	2.760441e-02	6.023938e-11	1.800000e+00	3.729594e-05	
378	2.770441e-02	-6.02394e-11	1.800000e+00	3.729594e-05	
379	2.780441e-02	6.023938e-11	1.800000e+00	3.729594e-05	
380	2.790441e-02	-6.02394e-11	1.800000e+00	3.729594e-05	
381	2.800441e-02	6.023938e-11	1.800000e+00	3.729594e-05	
382	2.810441e-02	-6.02394e-11	1.800000e+00	3.729594e-05	
383	2.820441e-02	6.023938e-11	1.800000e+00	3.729594e-05	
384	2.830441e-02	-6.02394e-11	1.800000e+00	3.729594e-05	
385	2.840441e-02	6.023938e-11	1.800000e+00	3.729594e-05	
386	2.850441e-02	-6.02394e-11	1.800000e+00	3.729594e-05	
387	2.860441e-02	6.023938e-11	1.800000e+00	3.729594e-05	
388	2.870441e-02	-6.02394e-11	1.800000e+00	3.729594e-05	
389	2.880441e-02	6.023938e-11	1.800000e+00	3.729594e-05	
390	2.890441e-02	-6.02394e-11	1.800000e+00	3.729594e-05	
391	2.900441e-02	6.023938e-11	1.800000e+00	3.729594e-05	
392	2.910441e-02	-6.02394e-11	1.800000e+00	3.729594e-05	
393	2.920441e-02	6.023938e-11	1.800000e+00	3.729594e-05	
394	2.930441e-02	-6.02394e-11	1.800000e+00	3.729594e-05	
395	2.940441e-02	6.023938e-11	1.800000e+00	3.729594e-05	
396	2.950441e-02	-6.02394e-11	1.800000e+00	3.729594e-05	
397	2.960441e-02	6.023938e-11	1.800000e+00	3.729594e-05	
398	2.970441e-02	-6.02394e-11	1.800000e+00	3.729594e-05	
399	2.980441e-02	6.023938e-11	1.800000e+00	3.729594e-05	
400	2.990441e-02	-6.02394e-11	1.800000e+00	3.729594e-05	
401	3.000000e-02	6.023938e-11	1.800000e+00	3.729594e-05	
402	3.000000e-02	1.369668e-04	1.620000e+00	3.729280e-05	

Index   time            v2#branch       vin             vout            
--------------------------------------------------------------------------------
403	3.000000e-02	1.532916e-04	1.260000e+00	3.738006e-05	
404	3.000000e-02	1.375895e-04	5.400000e-01	3.832546e-05	
405	3.000000e-02	1.193527e-04	4.069943e-09	3.984957e-05	
406	3.000000e-02	1.595493e-10	0.000000e+00	3.997741e-05	
407	3.000000e-02	1.326170e-10	0.000000e+00	4.023310e-05	
408	3.000000e-02	1.595492e-10	0.000000e+00	4.074448e-05	
409	3.000000e-02	1.326170e-10	0.000000e+00	4.176724e-05	
410	3.000000e-02	1.595492e-10	0.000000e+00	4.381275e-05	
411	3.000000e-02	1.326169e-10	0.000000e+00	4.790378e-05	
412	3.000000e-02	1.595490e-10	0.000000e+00	5.608583e-05	
413	3.000001e-02	1.326164e-10	0.000000e+00	7.244991e-05	
414	3.000001e-02	1.595482e-10	0.000000e+00	1.051780e-04	
415	3.000002e-02	1.326148e-10	0.000000e+00	1.706338e-04	
416	3.000004e-02	1.595448e-10	0.000000e+00	3.015438e-04	
417	3.000008e-02	1.326081e-10	0.000000e+00	5.633581e-04	
418	3.000017e-02	1.595314e-10	0.000000e+00	1.086963e-03	
419	3.000033e-02	1.325814e-10	0.000000e+00	2.134079e-03	
420	3.000066e-02	1.594780e-10	0.000000e+00	4.227933e-03	
421	3.000131e-02	1.324745e-10	0.000000e+00	8.414131e-03	
422	3.000262e-02	1.592643e-10	0.000000e+00	1.678048e-02	
423	3.000524e-02	1.320460e-10	0.000000e+00	3.348888e-02	
424	3.001049e-02	1.584009e-10	0.000000e+00	6.680777e-02	
425	3.002097e-02	1.302922e-10	0.000000e+00	1.330474e-01	
426	3.004194e-02	1.547520e-10	0.000000e+00	2.638761e-01	
427	3.008388e-02	1.222958e-10	0.000000e+00	5.183681e-01	
428	3.016776e-02	1.307860e-10	0.000000e+00	9.941795e-01	
429	3.026776e-02	8.082009e-11	0.000000e+00	1.432916e+00	
430	3.036776e-02	6.706272e-11	0.000000e+00	1.670756e+00	
431	3.046776e-02	-8.28815e-12	0.000000e+00	1.761365e+00	
432	3.056776e-02	2.660159e-11	0.000000e+00	1.789287e+00	
433	3.066776e-02	-2.14598e-11	0.000000e+00	1.797102e+00	
434	3.076776e-02	2.285524e-11	0.000000e+00	1.799222e+00	
435	3.086776e-02	-2.24802e-11	0.000000e+00	1.799791e+00	
436	3.096776e-02	2.258095e-11	0.000000e+00	1.799944e+00	
437	3.106776e-02	-2.25537e-11	0.000000e+00	1.799985e+00	
438	3.116776e-02	2.256103e-11	0.000000e+00	1.799996e+00	
439	3.126776e-02	-2.25591e-11	0.000000e+00	1.799999e+00	
440	3.136776e-02	2.255959e-11	0.000000e+00	1.799999e+00	
441	3.146776e-02	-2.25594e-11	0.000000e+00	1.800000e+00	
442	3.156776e-02	2.255949e-11	0.000000e+00	1.800000e+00	
443	3.166776e-02	-2.25595e-11	0.000000e+00	1.800000e+00	
444	3.176776e-02	2.255948e-11	0.000000e+00	1.800000e+00	
445	3.186776e-02	-2.25595e-11	0.000000e+00	1.800000e+00	
446	3.196776e-02	2.255948e-11	0.000000e+00	1.800000e+00	
447	3.206776e-02	-2.25595e-11	0.000000e+00	1.800000e+00	
448	3.216776e-02	2.255948e-11	0.000000e+00	1.800000e+00	
449	3.226776e-02	-2.25595e-11	0.000000e+00	1.800000e+00	
450	3.236776e-02	2.255948e-11	0.000000e+00	1.800000e+00	
451	3.246776e-02	-2.25595e-11	0.000000e+00	1.800000e+00	
452	3.256776e-02	2.255948e-11	0.000000e+00	1.800000e+00	
453	3.266776e-02	-2.25595e-11	0.000000e+00	1.800000e+00	
454	3.276776e-02	2.255948e-11	0.000000e+00	1.800000e+00	
455	3.286776e-02	-2.25595e-11	0.000000e+00	1.800000e+00	
456	3.296776e-02	2.255948e-11	0.000000e+00	1.800000e+00	
457	3.306776e-02	-2.25595e-11	0.000000e+00	1.800000e+00	
458	3.316776e-02	2.255948e-11	0.000000e+00	1.800000e+00	
459	3.326776e-02	-2.25595e-11	0.000000e+00	1.800000e+00	
460	3.336776e-02	2.255948e-11	0.000000e+00	1.800000e+00	

Index   time            v2#branch       vin             vout            
--------------------------------------------------------------------------------
461	3.346776e-02	-2.25595e-11	0.000000e+00	1.800000e+00	
462	3.356776e-02	2.255948e-11	0.000000e+00	1.800000e+00	
463	3.366776e-02	-2.25595e-11	0.000000e+00	1.800000e+00	
464	3.376776e-02	2.255948e-11	0.000000e+00	1.800000e+00	
465	3.386776e-02	-2.25595e-11	0.000000e+00	1.800000e+00	
466	3.396776e-02	2.255948e-11	0.000000e+00	1.800000e+00	
467	3.406776e-02	-2.25595e-11	0.000000e+00	1.800000e+00	
468	3.416776e-02	2.255948e-11	0.000000e+00	1.800000e+00	
469	3.426776e-02	-2.25595e-11	0.000000e+00	1.800000e+00	
470	3.436776e-02	2.255948e-11	0.000000e+00	1.800000e+00	
471	3.446776e-02	-2.25595e-11	0.000000e+00	1.800000e+00	
472	3.456776e-02	2.255948e-11	0.000000e+00	1.800000e+00	
473	3.466776e-02	-2.25595e-11	0.000000e+00	1.800000e+00	
474	3.476776e-02	2.255948e-11	0.000000e+00	1.800000e+00	
475	3.486776e-02	-2.25595e-11	0.000000e+00	1.800000e+00	
476	3.496776e-02	2.255948e-11	0.000000e+00	1.800000e+00	
477	3.506776e-02	-2.25595e-11	0.000000e+00	1.800000e+00	
478	3.516776e-02	2.255948e-11	0.000000e+00	1.800000e+00	
479	3.526776e-02	-2.25595e-11	0.000000e+00	1.800000e+00	
480	3.536776e-02	2.255948e-11	0.000000e+00	1.800000e+00	
481	3.546776e-02	-2.25595e-11	0.000000e+00	1.800000e+00	
482	3.556776e-02	2.255948e-11	0.000000e+00	1.800000e+00	
483	3.566776e-02	-2.25595e-11	0.000000e+00	1.800000e+00	
484	3.576776e-02	2.255948e-11	0.000000e+00	1.800000e+00	
485	3.586776e-02	-2.25595e-11	0.000000e+00	1.800000e+00	
486	3.596776e-02	2.255948e-11	0.000000e+00	1.800000e+00	
487	3.606776e-02	-2.25595e-11	0.000000e+00	1.800000e+00	
488	3.616776e-02	2.255948e-11	0.000000e+00	1.800000e+00	
489	3.626776e-02	-2.25595e-11	0.000000e+00	1.800000e+00	
490	3.636776e-02	2.255948e-11	0.000000e+00	1.800000e+00	
491	3.646776e-02	-2.25595e-11	0.000000e+00	1.800000e+00	
492	3.656776e-02	2.255948e-11	0.000000e+00	1.800000e+00	
493	3.666776e-02	-2.25595e-11	0.000000e+00	1.800000e+00	
494	3.676776e-02	2.255948e-11	0.000000e+00	1.800000e+00	
495	3.686776e-02	-2.25595e-11	0.000000e+00	1.800000e+00	
496	3.696776e-02	2.255948e-11	0.000000e+00	1.800000e+00	
497	3.706776e-02	-2.25595e-11	0.000000e+00	1.800000e+00	
498	3.716776e-02	2.255948e-11	0.000000e+00	1.800000e+00	
499	3.726776e-02	-2.25595e-11	0.000000e+00	1.800000e+00	
500	3.736776e-02	2.255948e-11	0.000000e+00	1.800000e+00	
501	3.746776e-02	-2.25595e-11	0.000000e+00	1.800000e+00	
502	3.756776e-02	2.255948e-11	0.000000e+00	1.800000e+00	
503	3.766776e-02	-2.25595e-11	0.000000e+00	1.800000e+00	
504	3.776776e-02	2.255948e-11	0.000000e+00	1.800000e+00	
505	3.786776e-02	-2.25595e-11	0.000000e+00	1.800000e+00	
506	3.796776e-02	2.255948e-11	0.000000e+00	1.800000e+00	
507	3.806776e-02	-2.25595e-11	0.000000e+00	1.800000e+00	
508	3.816776e-02	2.255948e-11	0.000000e+00	1.800000e+00	
509	3.826776e-02	-2.25595e-11	0.000000e+00	1.800000e+00	
510	3.836776e-02	2.255948e-11	0.000000e+00	1.800000e+00	
511	3.846776e-02	-2.25595e-11	0.000000e+00	1.800000e+00	
512	3.856776e-02	2.255948e-11	0.000000e+00	1.800000e+00	
513	3.866776e-02	-2.25595e-11	0.000000e+00	1.800000e+00	
514	3.876776e-02	2.255948e-11	0.000000e+00	1.800000e+00	
515	3.886776e-02	-2.25595e-11	0.000000e+00	1.800000e+00	
516	3.896776e-02	2.255948e-11	0.000000e+00	1.800000e+00	
517	3.906776e-02	-2.25595e-11	0.000000e+00	1.800000e+00	
518	3.916776e-02	2.255948e-11	0.000000e+00	1.800000e+00	

Index   time            v2#branch       vin             vout            
--------------------------------------------------------------------------------
519	3.926776e-02	-2.25595e-11	0.000000e+00	1.800000e+00	
520	3.936776e-02	2.255948e-11	0.000000e+00	1.800000e+00	
521	3.946776e-02	-2.25595e-11	0.000000e+00	1.800000e+00	
522	3.956776e-02	2.255948e-11	0.000000e+00	1.800000e+00	
523	3.966776e-02	-2.25595e-11	0.000000e+00	1.800000e+00	
524	3.976776e-02	2.255948e-11	0.000000e+00	1.800000e+00	
525	3.986776e-02	-2.25595e-11	0.000000e+00	1.800000e+00	
526	3.996776e-02	2.255948e-11	0.000000e+00	1.800000e+00	
527	4.000000e-02	-2.25595e-11	0.000000e+00	1.800000e+00	
528	4.000000e-02	-1.22792e-04	1.800000e-01	1.800000e+00	
529	4.000000e-02	-1.45273e-04	5.400000e-01	1.800000e+00	
530	4.000000e-02	-1.39986e-04	1.260000e+00	1.799998e+00	
531	4.000000e-02	-1.12168e-04	1.800000e+00	1.799996e+00	
532	4.000000e-02	-2.74337e-10	1.800000e+00	1.799996e+00	
533	4.000000e-02	-2.68081e-10	1.800000e+00	1.799995e+00	
534	4.000000e-02	-2.74337e-10	1.800000e+00	1.799994e+00	
535	4.000000e-02	-2.68081e-10	1.800000e+00	1.799993e+00	
536	4.000000e-02	-2.74337e-10	1.800000e+00	1.799989e+00	
537	4.000000e-02	-2.68081e-10	1.800000e+00	1.799983e+00	
538	4.000000e-02	-2.74337e-10	1.800000e+00	1.799970e+00	
539	4.000001e-02	-2.68081e-10	1.800000e+00	1.799944e+00	
540	4.000001e-02	-2.74337e-10	1.800000e+00	1.799892e+00	
541	4.000002e-02	-2.68080e-10	1.800000e+00	1.799787e+00	
542	4.000004e-02	-2.74336e-10	1.800000e+00	1.799578e+00	
543	4.000008e-02	-2.68077e-10	1.800000e+00	1.799161e+00	
544	4.000016e-02	-2.74330e-10	1.800000e+00	1.798326e+00	
545	4.000032e-02	-2.68066e-10	1.800000e+00	1.796655e+00	
546	4.000064e-02	-2.74309e-10	1.800000e+00	1.793316e+00	
547	4.000129e-02	-2.68026e-10	1.800000e+00	1.786640e+00	
548	4.000258e-02	-2.74233e-10	1.800000e+00	1.773302e+00	
549	4.000515e-02	-2.67893e-10	1.800000e+00	1.746677e+00	
550	4.001030e-02	-2.74047e-10	1.800000e+00	1.693641e+00	
551	4.002060e-02	-2.67876e-10	1.800000e+00	1.588440e+00	
552	4.004120e-02	-2.76002e-10	1.800000e+00	1.381791e+00	
553	4.008240e-02	-2.71407e-10	1.800000e+00	9.868349e-01	
554	4.016481e-02	-1.31574e-10	1.800000e+00	3.519366e-01	
555	4.026481e-02	-7.65588e-11	1.800000e+00	1.953047e-02	
556	4.030233e-02	5.451190e-11	1.800000e+00	6.751803e-03	
557	4.031480e-02	-6.43615e-11	1.800000e+00	4.857102e-03	
558	4.033431e-02	5.780107e-11	1.800000e+00	2.881942e-03	
559	4.036011e-02	-6.14399e-11	1.800000e+00	1.434025e-03	
560	4.038553e-02	5.964359e-11	1.800000e+00	7.298953e-04	
561	4.041028e-02	-6.05407e-11	1.800000e+00	3.875819e-04	
562	4.043628e-02	6.009255e-11	1.800000e+00	2.079451e-04	
563	4.046238e-02	-6.03107e-11	1.800000e+00	1.201847e-04	
564	4.048981e-02	6.020609e-11	1.800000e+00	7.596106e-05	
565	4.051858e-02	-6.02542e-11	1.800000e+00	5.460427e-05	
566	4.055114e-02	6.023345e-11	1.800000e+00	4.416536e-05	
567	4.058927e-02	-6.02413e-11	1.800000e+00	3.955075e-05	
568	4.063814e-02	6.023894e-11	1.800000e+00	3.777741e-05	
569	4.070441e-02	-6.02394e-11	1.800000e+00	3.732694e-05	
570	4.080441e-02	6.023936e-11	1.800000e+00	3.729159e-05	
571	4.090441e-02	-6.02394e-11	1.800000e+00	3.729655e-05	
572	4.100441e-02	6.023936e-11	1.800000e+00	3.729585e-05	
573	4.110441e-02	-6.02394e-11	1.800000e+00	3.729595e-05	
574	4.120441e-02	6.023936e-11	1.800000e+00	3.729594e-05	
575	4.130441e-02	-6.02394e-11	1.800000e+00	3.729594e-05	
576	4.140441e-02	6.023936e-11	1.800000e+00	3.729594e-05	

Index   time            v2#branch       vin             vout            
--------------------------------------------------------------------------------
577	4.150441e-02	-6.02394e-11	1.800000e+00	3.729594e-05	
578	4.160441e-02	6.023936e-11	1.800000e+00	3.729594e-05	
579	4.170441e-02	-6.02394e-11	1.800000e+00	3.729594e-05	
580	4.180441e-02	6.023936e-11	1.800000e+00	3.729594e-05	
581	4.190441e-02	-6.02394e-11	1.800000e+00	3.729594e-05	
582	4.200441e-02	6.023936e-11	1.800000e+00	3.729594e-05	
583	4.210441e-02	-6.02394e-11	1.800000e+00	3.729594e-05	
584	4.220441e-02	6.023936e-11	1.800000e+00	3.729594e-05	
585	4.230441e-02	-6.02394e-11	1.800000e+00	3.729594e-05	
586	4.240441e-02	6.023936e-11	1.800000e+00	3.729594e-05	
587	4.250441e-02	-6.02394e-11	1.800000e+00	3.729594e-05	
588	4.260441e-02	6.023936e-11	1.800000e+00	3.729594e-05	
589	4.270441e-02	-6.02394e-11	1.800000e+00	3.729594e-05	
590	4.280441e-02	6.023936e-11	1.800000e+00	3.729594e-05	
591	4.290441e-02	-6.02394e-11	1.800000e+00	3.729594e-05	
592	4.300441e-02	6.023936e-11	1.800000e+00	3.729594e-05	
593	4.310441e-02	-6.02394e-11	1.800000e+00	3.729594e-05	
594	4.320441e-02	6.023936e-11	1.800000e+00	3.729594e-05	
595	4.330441e-02	-6.02394e-11	1.800000e+00	3.729594e-05	
596	4.340441e-02	6.023936e-11	1.800000e+00	3.729594e-05	
597	4.350441e-02	-6.02394e-11	1.800000e+00	3.729594e-05	
598	4.360441e-02	6.023936e-11	1.800000e+00	3.729594e-05	
599	4.370441e-02	-6.02394e-11	1.800000e+00	3.729594e-05	
600	4.380441e-02	6.023936e-11	1.800000e+00	3.729594e-05	
601	4.390441e-02	-6.02394e-11	1.800000e+00	3.729594e-05	
602	4.400441e-02	6.023936e-11	1.800000e+00	3.729594e-05	
603	4.410441e-02	-6.02394e-11	1.800000e+00	3.729594e-05	
604	4.420441e-02	6.023936e-11	1.800000e+00	3.729594e-05	
605	4.430441e-02	-6.02394e-11	1.800000e+00	3.729594e-05	
606	4.440441e-02	6.023936e-11	1.800000e+00	3.729594e-05	
607	4.450441e-02	-6.02394e-11	1.800000e+00	3.729594e-05	
608	4.460441e-02	6.023936e-11	1.800000e+00	3.729594e-05	
609	4.470441e-02	-6.02394e-11	1.800000e+00	3.729594e-05	
610	4.480441e-02	6.023936e-11	1.800000e+00	3.729594e-05	
611	4.490441e-02	-6.02394e-11	1.800000e+00	3.729594e-05	
612	4.500441e-02	6.023936e-11	1.800000e+00	3.729594e-05	
613	4.510441e-02	-6.02394e-11	1.800000e+00	3.729594e-05	
614	4.520441e-02	6.023936e-11	1.800000e+00	3.729594e-05	
615	4.530441e-02	-6.02394e-11	1.800000e+00	3.729594e-05	
616	4.540441e-02	6.023936e-11	1.800000e+00	3.729594e-05	
617	4.550441e-02	-6.02394e-11	1.800000e+00	3.729594e-05	
618	4.560441e-02	6.023936e-11	1.800000e+00	3.729594e-05	
619	4.570441e-02	-6.02394e-11	1.800000e+00	3.729594e-05	
620	4.580441e-02	6.023936e-11	1.800000e+00	3.729594e-05	
621	4.590441e-02	-6.02394e-11	1.800000e+00	3.729594e-05	
622	4.600441e-02	6.023936e-11	1.800000e+00	3.729594e-05	
623	4.610441e-02	-6.02394e-11	1.800000e+00	3.729594e-05	
624	4.620441e-02	6.023936e-11	1.800000e+00	3.729594e-05	
625	4.630441e-02	-6.02394e-11	1.800000e+00	3.729594e-05	
626	4.640441e-02	6.023936e-11	1.800000e+00	3.729594e-05	
627	4.650441e-02	-6.02394e-11	1.800000e+00	3.729594e-05	
628	4.660441e-02	6.023936e-11	1.800000e+00	3.729594e-05	
629	4.670441e-02	-6.02394e-11	1.800000e+00	3.729594e-05	
630	4.680441e-02	6.023936e-11	1.800000e+00	3.729594e-05	
631	4.690441e-02	-6.02394e-11	1.800000e+00	3.729594e-05	
632	4.700441e-02	6.023936e-11	1.800000e+00	3.729594e-05	
633	4.710441e-02	-6.02394e-11	1.800000e+00	3.729594e-05	
634	4.720441e-02	6.023936e-11	1.800000e+00	3.729594e-05	

Index   time            v2#branch       vin             vout            
--------------------------------------------------------------------------------
635	4.730441e-02	-6.02394e-11	1.800000e+00	3.729594e-05	
636	4.740441e-02	6.023936e-11	1.800000e+00	3.729594e-05	
637	4.750441e-02	-6.02394e-11	1.800000e+00	3.729594e-05	
638	4.760441e-02	6.023936e-11	1.800000e+00	3.729594e-05	
639	4.770441e-02	-6.02394e-11	1.800000e+00	3.729594e-05	
640	4.780441e-02	6.023936e-11	1.800000e+00	3.729594e-05	
641	4.790441e-02	-6.02394e-11	1.800000e+00	3.729594e-05	
642	4.800441e-02	6.023936e-11	1.800000e+00	3.729594e-05	
643	4.810441e-02	-6.02394e-11	1.800000e+00	3.729594e-05	
644	4.820441e-02	6.023936e-11	1.800000e+00	3.729594e-05	
645	4.830441e-02	-6.02394e-11	1.800000e+00	3.729594e-05	
646	4.840441e-02	6.023936e-11	1.800000e+00	3.729594e-05	
647	4.850441e-02	-6.02394e-11	1.800000e+00	3.729594e-05	
648	4.860441e-02	6.023936e-11	1.800000e+00	3.729594e-05	
649	4.870441e-02	-6.02394e-11	1.800000e+00	3.729594e-05	
650	4.880441e-02	6.023936e-11	1.800000e+00	3.729594e-05	
651	4.890441e-02	-6.02394e-11	1.800000e+00	3.729594e-05	
652	4.900441e-02	6.023936e-11	1.800000e+00	3.729594e-05	
653	4.910441e-02	-6.02394e-11	1.800000e+00	3.729594e-05	
654	4.920441e-02	6.023936e-11	1.800000e+00	3.729594e-05	
655	4.930441e-02	-6.02394e-11	1.800000e+00	3.729594e-05	
656	4.940441e-02	6.023936e-11	1.800000e+00	3.729594e-05	
657	4.950441e-02	-6.02394e-11	1.800000e+00	3.729594e-05	
658	4.960441e-02	6.023936e-11	1.800000e+00	3.729594e-05	
659	4.970441e-02	-6.02394e-11	1.800000e+00	3.729594e-05	
660	4.980441e-02	6.023936e-11	1.800000e+00	3.729594e-05	
661	4.990441e-02	-6.02394e-11	1.800000e+00	3.729594e-05	
662	5.000000e-02	6.023936e-11	1.800000e+00	3.729594e-05	
663	5.000000e-02	1.369668e-04	1.620000e+00	3.729280e-05	
664	5.000000e-02	1.532916e-04	1.260000e+00	3.738006e-05	
665	5.000000e-02	1.375895e-04	5.400000e-01	3.832546e-05	
666	5.000000e-02	1.193527e-04	0.000000e+00	3.984957e-05	
667	5.000000e-02	1.460831e-10	0.000000e+00	3.997741e-05	
668	5.000000e-02	1.460831e-10	0.000000e+00	4.023310e-05	
669	5.000000e-02	1.460831e-10	0.000000e+00	4.074448e-05	
670	5.000000e-02	1.460831e-10	0.000000e+00	4.176724e-05	
671	5.000000e-02	1.460831e-10	0.000000e+00	4.381275e-05	
672	5.000000e-02	1.460830e-10	0.000000e+00	4.790378e-05	
673	5.000000e-02	1.460829e-10	0.000000e+00	5.608583e-05	
674	5.000001e-02	1.460826e-10	0.000000e+00	7.244991e-05	
675	5.000001e-02	1.460820e-10	0.000000e+00	1.051780e-04	
676	5.000002e-02	1.460809e-10	0.000000e+00	1.706338e-04	
677	5.000004e-02	1.460787e-10	0.000000e+00	3.015438e-04	
678	5.000008e-02	1.460742e-10	0.000000e+00	5.633581e-04	
679	5.000017e-02	1.460653e-10	0.000000e+00	1.086963e-03	
680	5.000033e-02	1.460475e-10	0.000000e+00	2.134079e-03	
681	5.000066e-02	1.460119e-10	0.000000e+00	4.227933e-03	
682	5.000131e-02	1.459407e-10	0.000000e+00	8.414131e-03	
683	5.000262e-02	1.457982e-10	0.000000e+00	1.678048e-02	
684	5.000524e-02	1.455122e-10	0.000000e+00	3.348888e-02	
685	5.001049e-02	1.449347e-10	0.000000e+00	6.680777e-02	
686	5.002097e-02	1.437583e-10	0.000000e+00	1.330474e-01	
687	5.004194e-02	1.412858e-10	0.000000e+00	2.638761e-01	
688	5.008388e-02	1.357620e-10	0.000000e+00	5.183681e-01	
689	5.016776e-02	1.173199e-10	0.000000e+00	9.941795e-01	
690	5.026776e-02	9.428622e-11	0.000000e+00	1.432916e+00	
691	5.036776e-02	5.359659e-11	0.000000e+00	1.670756e+00	
692	5.046776e-02	5.177986e-12	0.000000e+00	1.761365e+00	

Index   time            v2#branch       vin             vout            
--------------------------------------------------------------------------------
693	5.056776e-02	1.313545e-11	0.000000e+00	1.789287e+00	
694	5.066776e-02	-7.99368e-12	0.000000e+00	1.797102e+00	
695	5.076776e-02	9.389104e-12	0.000000e+00	1.799222e+00	
696	5.086776e-02	-9.01405e-12	0.000000e+00	1.799791e+00	
697	5.096776e-02	9.114818e-12	0.000000e+00	1.799944e+00	
698	5.106776e-02	-9.08759e-12	0.000000e+00	1.799985e+00	
699	5.116776e-02	9.094894e-12	0.000000e+00	1.799996e+00	
700	5.126776e-02	-9.09293e-12	0.000000e+00	1.799999e+00	
701	5.136776e-02	9.093461e-12	0.000000e+00	1.799999e+00	
702	5.146776e-02	-9.09332e-12	0.000000e+00	1.800000e+00	
703	5.156776e-02	9.093357e-12	0.000000e+00	1.800000e+00	
704	5.166776e-02	-9.09335e-12	0.000000e+00	1.800000e+00	
705	5.176776e-02	9.093349e-12	0.000000e+00	1.800000e+00	
706	5.186776e-02	-9.09335e-12	0.000000e+00	1.800000e+00	
707	5.196776e-02	9.093349e-12	0.000000e+00	1.800000e+00	
708	5.206776e-02	-9.09335e-12	0.000000e+00	1.800000e+00	
709	5.216776e-02	9.093349e-12	0.000000e+00	1.800000e+00	
710	5.226776e-02	-9.09335e-12	0.000000e+00	1.800000e+00	
711	5.236776e-02	9.093349e-12	0.000000e+00	1.800000e+00	
712	5.246776e-02	-9.09335e-12	0.000000e+00	1.800000e+00	
713	5.256776e-02	9.093349e-12	0.000000e+00	1.800000e+00	
714	5.266776e-02	-9.09335e-12	0.000000e+00	1.800000e+00	
715	5.276776e-02	9.093349e-12	0.000000e+00	1.800000e+00	
716	5.286776e-02	-9.09335e-12	0.000000e+00	1.800000e+00	
717	5.296776e-02	9.093349e-12	0.000000e+00	1.800000e+00	
718	5.306776e-02	-9.09335e-12	0.000000e+00	1.800000e+00	
719	5.316776e-02	9.093349e-12	0.000000e+00	1.800000e+00	
720	5.326776e-02	-9.09335e-12	0.000000e+00	1.800000e+00	
721	5.336776e-02	9.093349e-12	0.000000e+00	1.800000e+00	
722	5.346776e-02	-9.09335e-12	0.000000e+00	1.800000e+00	
723	5.356776e-02	9.093349e-12	0.000000e+00	1.800000e+00	
724	5.366776e-02	-9.09335e-12	0.000000e+00	1.800000e+00	
725	5.376776e-02	9.093349e-12	0.000000e+00	1.800000e+00	
726	5.386776e-02	-9.09335e-12	0.000000e+00	1.800000e+00	
727	5.396776e-02	9.093349e-12	0.000000e+00	1.800000e+00	
728	5.406776e-02	-9.09335e-12	0.000000e+00	1.800000e+00	
729	5.416776e-02	9.093349e-12	0.000000e+00	1.800000e+00	
730	5.426776e-02	-9.09335e-12	0.000000e+00	1.800000e+00	
731	5.436776e-02	9.093349e-12	0.000000e+00	1.800000e+00	
732	5.446776e-02	-9.09335e-12	0.000000e+00	1.800000e+00	
733	5.456776e-02	9.093349e-12	0.000000e+00	1.800000e+00	
734	5.466776e-02	-9.09335e-12	0.000000e+00	1.800000e+00	
735	5.476776e-02	9.093349e-12	0.000000e+00	1.800000e+00	
736	5.486776e-02	-9.09335e-12	0.000000e+00	1.800000e+00	
737	5.496776e-02	9.093349e-12	0.000000e+00	1.800000e+00	
738	5.506776e-02	-9.09335e-12	0.000000e+00	1.800000e+00	
739	5.516776e-02	9.093349e-12	0.000000e+00	1.800000e+00	
740	5.526776e-02	-9.09335e-12	0.000000e+00	1.800000e+00	
741	5.536776e-02	9.093349e-12	0.000000e+00	1.800000e+00	
742	5.546776e-02	-9.09335e-12	0.000000e+00	1.800000e+00	
743	5.556776e-02	9.093349e-12	0.000000e+00	1.800000e+00	
744	5.566776e-02	-9.09335e-12	0.000000e+00	1.800000e+00	
745	5.576776e-02	9.093349e-12	0.000000e+00	1.800000e+00	
746	5.586776e-02	-9.09335e-12	0.000000e+00	1.800000e+00	
747	5.596776e-02	9.093349e-12	0.000000e+00	1.800000e+00	
748	5.606776e-02	-9.09335e-12	0.000000e+00	1.800000e+00	
749	5.616776e-02	9.093349e-12	0.000000e+00	1.800000e+00	
750	5.626776e-02	-9.09335e-12	0.000000e+00	1.800000e+00	

Index   time            v2#branch       vin             vout            
--------------------------------------------------------------------------------
751	5.636776e-02	9.093349e-12	0.000000e+00	1.800000e+00	
752	5.646776e-02	-9.09335e-12	0.000000e+00	1.800000e+00	
753	5.656776e-02	9.093349e-12	0.000000e+00	1.800000e+00	
754	5.666776e-02	-9.09335e-12	0.000000e+00	1.800000e+00	
755	5.676776e-02	9.093349e-12	0.000000e+00	1.800000e+00	
756	5.686776e-02	-9.09335e-12	0.000000e+00	1.800000e+00	
757	5.696776e-02	9.093349e-12	0.000000e+00	1.800000e+00	
758	5.706776e-02	-9.09335e-12	0.000000e+00	1.800000e+00	
759	5.716776e-02	9.093349e-12	0.000000e+00	1.800000e+00	
760	5.726776e-02	-9.09335e-12	0.000000e+00	1.800000e+00	
761	5.736776e-02	9.093349e-12	0.000000e+00	1.800000e+00	
762	5.746776e-02	-9.09335e-12	0.000000e+00	1.800000e+00	
763	5.756776e-02	9.093349e-12	0.000000e+00	1.800000e+00	
764	5.766776e-02	-9.09335e-12	0.000000e+00	1.800000e+00	
765	5.776776e-02	9.093349e-12	0.000000e+00	1.800000e+00	
766	5.786776e-02	-9.09335e-12	0.000000e+00	1.800000e+00	
767	5.796776e-02	9.093349e-12	0.000000e+00	1.800000e+00	
768	5.806776e-02	-9.09335e-12	0.000000e+00	1.800000e+00	
769	5.816776e-02	9.093349e-12	0.000000e+00	1.800000e+00	
770	5.826776e-02	-9.09335e-12	0.000000e+00	1.800000e+00	
771	5.836776e-02	9.093349e-12	0.000000e+00	1.800000e+00	
772	5.846776e-02	-9.09335e-12	0.000000e+00	1.800000e+00	
773	5.856776e-02	9.093349e-12	0.000000e+00	1.800000e+00	
774	5.866776e-02	-9.09335e-12	0.000000e+00	1.800000e+00	
775	5.876776e-02	9.093349e-12	0.000000e+00	1.800000e+00	
776	5.886776e-02	-9.09335e-12	0.000000e+00	1.800000e+00	
777	5.896776e-02	9.093349e-12	0.000000e+00	1.800000e+00	
778	5.906776e-02	-9.09335e-12	0.000000e+00	1.800000e+00	
779	5.916776e-02	9.093349e-12	0.000000e+00	1.800000e+00	
780	5.926776e-02	-9.09335e-12	0.000000e+00	1.800000e+00	
781	5.936776e-02	9.093349e-12	0.000000e+00	1.800000e+00	
782	5.946776e-02	-9.09335e-12	0.000000e+00	1.800000e+00	
783	5.956776e-02	9.093349e-12	0.000000e+00	1.800000e+00	
784	5.966776e-02	-9.09335e-12	0.000000e+00	1.800000e+00	
785	5.976776e-02	9.093349e-12	0.000000e+00	1.800000e+00	
786	5.986776e-02	-9.09335e-12	0.000000e+00	1.800000e+00	
787	5.996776e-02	9.093349e-12	0.000000e+00	1.800000e+00	
788	6.000000e-02	-9.09335e-12	0.000000e+00	1.800000e+00	
789	6.000000e-02	-1.22792e-04	1.800000e-01	1.800000e+00	
790	6.000000e-02	-1.45273e-04	5.400000e-01	1.800000e+00	
791	6.000000e-02	-1.39986e-04	1.260000e+00	1.799998e+00	
792	6.000000e-02	-1.12168e-04	1.800000e+00	1.799996e+00	
793	6.000000e-02	-2.74337e-10	1.800000e+00	1.799996e+00	
794	6.000000e-02	-2.68081e-10	1.800000e+00	1.799995e+00	
795	6.000000e-02	-2.74337e-10	1.800000e+00	1.799994e+00	
796	6.000000e-02	-2.68081e-10	1.800000e+00	1.799993e+00	
797	6.000000e-02	-2.74337e-10	1.800000e+00	1.799989e+00	
798	6.000000e-02	-2.68081e-10	1.800000e+00	1.799983e+00	
799	6.000000e-02	-2.74337e-10	1.800000e+00	1.799970e+00	
800	6.000001e-02	-2.68081e-10	1.800000e+00	1.799944e+00	
801	6.000001e-02	-2.74337e-10	1.800000e+00	1.799892e+00	
802	6.000002e-02	-2.68080e-10	1.800000e+00	1.799787e+00	
803	6.000004e-02	-2.74336e-10	1.800000e+00	1.799578e+00	
804	6.000008e-02	-2.68077e-10	1.800000e+00	1.799161e+00	
805	6.000016e-02	-2.74330e-10	1.800000e+00	1.798326e+00	
806	6.000032e-02	-2.68066e-10	1.800000e+00	1.796655e+00	
807	6.000064e-02	-2.74309e-10	1.800000e+00	1.793316e+00	
808	6.000129e-02	-2.68026e-10	1.800000e+00	1.786640e+00	

Index   time            v2#branch       vin             vout            
--------------------------------------------------------------------------------
809	6.000258e-02	-2.74233e-10	1.800000e+00	1.773302e+00	
810	6.000515e-02	-2.67893e-10	1.800000e+00	1.746677e+00	
811	6.001030e-02	-2.74047e-10	1.800000e+00	1.693641e+00	
812	6.002060e-02	-2.67876e-10	1.800000e+00	1.588440e+00	
813	6.004120e-02	-2.76002e-10	1.800000e+00	1.381791e+00	
814	6.008240e-02	-2.71407e-10	1.800000e+00	9.868349e-01	
815	6.016481e-02	-1.31574e-10	1.800000e+00	3.519366e-01	
816	6.026481e-02	-7.65588e-11	1.800000e+00	1.953047e-02	
817	6.030233e-02	5.451190e-11	1.800000e+00	6.751803e-03	
818	6.031480e-02	-6.43615e-11	1.800000e+00	4.857102e-03	
819	6.033431e-02	5.780107e-11	1.800000e+00	2.881942e-03	
820	6.036011e-02	-6.14399e-11	1.800000e+00	1.434025e-03	
821	6.038553e-02	5.964359e-11	1.800000e+00	7.298953e-04	
822	6.041028e-02	-6.05407e-11	1.800000e+00	3.875819e-04	
823	6.043628e-02	6.009255e-11	1.800000e+00	2.079451e-04	
824	6.046238e-02	-6.03107e-11	1.800000e+00	1.201847e-04	
825	6.048981e-02	6.020609e-11	1.800000e+00	7.596106e-05	
826	6.051858e-02	-6.02542e-11	1.800000e+00	5.460427e-05	
827	6.055114e-02	6.023345e-11	1.800000e+00	4.416536e-05	
828	6.058927e-02	-6.02413e-11	1.800000e+00	3.955075e-05	
829	6.063814e-02	6.023894e-11	1.800000e+00	3.777741e-05	
830	6.070441e-02	-6.02394e-11	1.800000e+00	3.732694e-05	
831	6.080441e-02	6.023936e-11	1.800000e+00	3.729159e-05	
832	6.090441e-02	-6.02394e-11	1.800000e+00	3.729655e-05	
833	6.100441e-02	6.023936e-11	1.800000e+00	3.729585e-05	
834	6.110441e-02	-6.02394e-11	1.800000e+00	3.729595e-05	
835	6.120441e-02	6.023936e-11	1.800000e+00	3.729594e-05	
836	6.130441e-02	-6.02394e-11	1.800000e+00	3.729594e-05	
837	6.140441e-02	6.023936e-11	1.800000e+00	3.729594e-05	
838	6.150441e-02	-6.02394e-11	1.800000e+00	3.729594e-05	
839	6.160441e-02	6.023936e-11	1.800000e+00	3.729594e-05	
840	6.170441e-02	-6.02394e-11	1.800000e+00	3.729594e-05	
841	6.180441e-02	6.023936e-11	1.800000e+00	3.729594e-05	
842	6.190441e-02	-6.02394e-11	1.800000e+00	3.729594e-05	
843	6.200441e-02	6.023936e-11	1.800000e+00	3.729594e-05	
844	6.210441e-02	-6.02394e-11	1.800000e+00	3.729594e-05	
845	6.220441e-02	6.023936e-11	1.800000e+00	3.729594e-05	
846	6.230441e-02	-6.02394e-11	1.800000e+00	3.729594e-05	
847	6.240441e-02	6.023936e-11	1.800000e+00	3.729594e-05	
848	6.250441e-02	-6.02394e-11	1.800000e+00	3.729594e-05	
849	6.260441e-02	6.023936e-11	1.800000e+00	3.729594e-05	
850	6.270441e-02	-6.02394e-11	1.800000e+00	3.729594e-05	
851	6.280441e-02	6.023936e-11	1.800000e+00	3.729594e-05	
852	6.290441e-02	-6.02394e-11	1.800000e+00	3.729594e-05	
853	6.300441e-02	6.023936e-11	1.800000e+00	3.729594e-05	
854	6.310441e-02	-6.02394e-11	1.800000e+00	3.729594e-05	
855	6.320441e-02	6.023936e-11	1.800000e+00	3.729594e-05	
856	6.330441e-02	-6.02394e-11	1.800000e+00	3.729594e-05	
857	6.340441e-02	6.023936e-11	1.800000e+00	3.729594e-05	
858	6.350441e-02	-6.02394e-11	1.800000e+00	3.729594e-05	
859	6.360441e-02	6.023936e-11	1.800000e+00	3.729594e-05	
860	6.370441e-02	-6.02394e-11	1.800000e+00	3.729594e-05	
861	6.380441e-02	6.023936e-11	1.800000e+00	3.729594e-05	
862	6.390441e-02	-6.02394e-11	1.800000e+00	3.729594e-05	
863	6.400441e-02	6.023936e-11	1.800000e+00	3.729594e-05	
864	6.410441e-02	-6.02394e-11	1.800000e+00	3.729594e-05	
865	6.420441e-02	6.023936e-11	1.800000e+00	3.729594e-05	
866	6.430441e-02	-6.02394e-11	1.800000e+00	3.729594e-05	

Index   time            v2#branch       vin             vout            
--------------------------------------------------------------------------------
867	6.440441e-02	6.023936e-11	1.800000e+00	3.729594e-05	
868	6.450441e-02	-6.02394e-11	1.800000e+00	3.729594e-05	
869	6.460441e-02	6.023936e-11	1.800000e+00	3.729594e-05	
870	6.470441e-02	-6.02394e-11	1.800000e+00	3.729594e-05	
871	6.480441e-02	6.023936e-11	1.800000e+00	3.729594e-05	
872	6.490441e-02	-6.02394e-11	1.800000e+00	3.729594e-05	
873	6.500441e-02	6.023936e-11	1.800000e+00	3.729594e-05	
874	6.510441e-02	-6.02394e-11	1.800000e+00	3.729594e-05	
875	6.520441e-02	6.023936e-11	1.800000e+00	3.729594e-05	
876	6.530441e-02	-6.02394e-11	1.800000e+00	3.729594e-05	
877	6.540441e-02	6.023936e-11	1.800000e+00	3.729594e-05	
878	6.550441e-02	-6.02394e-11	1.800000e+00	3.729594e-05	
879	6.560441e-02	6.023936e-11	1.800000e+00	3.729594e-05	
880	6.570441e-02	-6.02394e-11	1.800000e+00	3.729594e-05	
881	6.580441e-02	6.023936e-11	1.800000e+00	3.729594e-05	
882	6.590441e-02	-6.02394e-11	1.800000e+00	3.729594e-05	
883	6.600441e-02	6.023936e-11	1.800000e+00	3.729594e-05	
884	6.610441e-02	-6.02394e-11	1.800000e+00	3.729594e-05	
885	6.620441e-02	6.023936e-11	1.800000e+00	3.729594e-05	
886	6.630441e-02	-6.02394e-11	1.800000e+00	3.729594e-05	
887	6.640441e-02	6.023936e-11	1.800000e+00	3.729594e-05	
888	6.650441e-02	-6.02394e-11	1.800000e+00	3.729594e-05	
889	6.660441e-02	6.023936e-11	1.800000e+00	3.729594e-05	
890	6.670441e-02	-6.02394e-11	1.800000e+00	3.729594e-05	
891	6.680441e-02	6.023936e-11	1.800000e+00	3.729594e-05	
892	6.690441e-02	-6.02394e-11	1.800000e+00	3.729594e-05	
893	6.700441e-02	6.023936e-11	1.800000e+00	3.729594e-05	
894	6.710441e-02	-6.02394e-11	1.800000e+00	3.729594e-05	
895	6.720441e-02	6.023936e-11	1.800000e+00	3.729594e-05	
896	6.730441e-02	-6.02394e-11	1.800000e+00	3.729594e-05	
897	6.740441e-02	6.023936e-11	1.800000e+00	3.729594e-05	
898	6.750441e-02	-6.02394e-11	1.800000e+00	3.729594e-05	
899	6.760441e-02	6.023936e-11	1.800000e+00	3.729594e-05	
900	6.770441e-02	-6.02394e-11	1.800000e+00	3.729594e-05	
901	6.780441e-02	6.023936e-11	1.800000e+00	3.729594e-05	
902	6.790441e-02	-6.02394e-11	1.800000e+00	3.729594e-05	
903	6.800441e-02	6.023936e-11	1.800000e+00	3.729594e-05	
904	6.810441e-02	-6.02394e-11	1.800000e+00	3.729594e-05	
905	6.820441e-02	6.023936e-11	1.800000e+00	3.729594e-05	
906	6.830441e-02	-6.02394e-11	1.800000e+00	3.729594e-05	
907	6.840441e-02	6.023936e-11	1.800000e+00	3.729594e-05	
908	6.850441e-02	-6.02394e-11	1.800000e+00	3.729594e-05	
909	6.860441e-02	6.023936e-11	1.800000e+00	3.729594e-05	
910	6.870441e-02	-6.02394e-11	1.800000e+00	3.729594e-05	
911	6.880441e-02	6.023936e-11	1.800000e+00	3.729594e-05	
912	6.890441e-02	-6.02394e-11	1.800000e+00	3.729594e-05	
913	6.900441e-02	6.023936e-11	1.800000e+00	3.729594e-05	
914	6.910441e-02	-6.02394e-11	1.800000e+00	3.729594e-05	
915	6.920441e-02	6.023936e-11	1.800000e+00	3.729594e-05	
916	6.930441e-02	-6.02394e-11	1.800000e+00	3.729594e-05	
917	6.940441e-02	6.023936e-11	1.800000e+00	3.729594e-05	
918	6.950441e-02	-6.02394e-11	1.800000e+00	3.729594e-05	
919	6.960441e-02	6.023936e-11	1.800000e+00	3.729594e-05	
920	6.970441e-02	-6.02394e-11	1.800000e+00	3.729594e-05	
921	6.980441e-02	6.023936e-11	1.800000e+00	3.729594e-05	
922	6.990441e-02	-6.02394e-11	1.800000e+00	3.729594e-05	
923	7.000000e-02	6.023936e-11	1.800000e+00	3.729594e-05	
924	7.000000e-02	1.369668e-04	1.620000e+00	3.729280e-05	

Index   time            v2#branch       vin             vout            
--------------------------------------------------------------------------------
925	7.000000e-02	1.532916e-04	1.260000e+00	3.738006e-05	
926	7.000000e-02	1.375895e-04	5.400000e-01	3.832546e-05	
927	7.000000e-02	1.193527e-04	1.031495e-08	3.984957e-05	
928	7.000000e-02	1.802120e-10	0.000000e+00	3.997741e-05	
929	7.000000e-02	1.119543e-10	0.000000e+00	4.023310e-05	
930	7.000000e-02	1.802119e-10	0.000000e+00	4.074448e-05	
931	7.000000e-02	1.119543e-10	0.000000e+00	4.176724e-05	
932	7.000000e-02	1.802119e-10	0.000000e+00	4.381275e-05	
933	7.000000e-02	1.119542e-10	0.000000e+00	4.790378e-05	
934	7.000000e-02	1.802117e-10	0.000000e+00	5.608584e-05	
935	7.000001e-02	1.119537e-10	0.000000e+00	7.244993e-05	
936	7.000001e-02	1.802109e-10	0.000000e+00	1.051780e-04	
937	7.000002e-02	1.119521e-10	0.000000e+00	1.706338e-04	
938	7.000004e-02	1.802075e-10	0.000000e+00	3.015439e-04	
939	7.000008e-02	1.119454e-10	0.000000e+00	5.633583e-04	
940	7.000017e-02	1.801941e-10	0.000000e+00	1.086963e-03	
941	7.000033e-02	1.119187e-10	0.000000e+00	2.134080e-03	
942	7.000066e-02	1.801407e-10	0.000000e+00	4.227935e-03	
943	7.000131e-02	1.118118e-10	0.000000e+00	8.414135e-03	
944	7.000262e-02	1.799270e-10	0.000000e+00	1.678048e-02	
945	7.000524e-02	1.113833e-10	0.000000e+00	3.348889e-02	
946	7.001049e-02	1.790636e-10	0.000000e+00	6.680780e-02	
947	7.002097e-02	1.096295e-10	0.000000e+00	1.330475e-01	
948	7.004194e-02	1.754147e-10	0.000000e+00	2.638762e-01	
949	7.008388e-02	1.016331e-10	0.000000e+00	5.183683e-01	
950	7.016777e-02	1.514487e-10	0.000000e+00	9.941799e-01	
951	7.026777e-02	6.015745e-11	0.000000e+00	1.432916e+00	
952	7.036777e-02	8.772527e-11	0.000000e+00	1.670756e+00	
953	7.046777e-02	-2.89507e-11	0.000000e+00	1.761365e+00	
954	7.056777e-02	4.726416e-11	0.000000e+00	1.789287e+00	
955	7.066777e-02	-4.21224e-11	0.000000e+00	1.797102e+00	
956	7.076777e-02	4.351782e-11	0.000000e+00	1.799222e+00	
957	7.086777e-02	-4.31428e-11	0.000000e+00	1.799791e+00	
958	7.096777e-02	4.324353e-11	0.000000e+00	1.799944e+00	
959	7.106777e-02	-4.32163e-11	0.000000e+00	1.799985e+00	
960	7.116777e-02	4.322361e-11	0.000000e+00	1.799996e+00	
961	7.126777e-02	-4.32216e-11	0.000000e+00	1.799999e+00	
962	7.136777e-02	4.322217e-11	0.000000e+00	1.799999e+00	
963	7.146777e-02	-4.32220e-11	0.000000e+00	1.800000e+00	
964	7.156777e-02	4.322207e-11	0.000000e+00	1.800000e+00	
965	7.166777e-02	-4.32221e-11	0.000000e+00	1.800000e+00	
966	7.176777e-02	4.322206e-11	0.000000e+00	1.800000e+00	
967	7.186777e-02	-4.32221e-11	0.000000e+00	1.800000e+00	
968	7.196777e-02	4.322206e-11	0.000000e+00	1.800000e+00	
969	7.206777e-02	-4.32221e-11	0.000000e+00	1.800000e+00	
970	7.216777e-02	4.322206e-11	0.000000e+00	1.800000e+00	
971	7.226777e-02	-4.32221e-11	0.000000e+00	1.800000e+00	
972	7.236777e-02	4.322206e-11	0.000000e+00	1.800000e+00	
973	7.246777e-02	-4.32221e-11	0.000000e+00	1.800000e+00	
974	7.256777e-02	4.322206e-11	0.000000e+00	1.800000e+00	
975	7.266777e-02	-4.32221e-11	0.000000e+00	1.800000e+00	
976	7.276777e-02	4.322206e-11	0.000000e+00	1.800000e+00	
977	7.286777e-02	-4.32221e-11	0.000000e+00	1.800000e+00	
978	7.296777e-02	4.322206e-11	0.000000e+00	1.800000e+00	
979	7.306777e-02	-4.32221e-11	0.000000e+00	1.800000e+00	
980	7.316777e-02	4.322206e-11	0.000000e+00	1.800000e+00	
981	7.326777e-02	-4.32221e-11	0.000000e+00	1.800000e+00	
982	7.336777e-02	4.322206e-11	0.000000e+00	1.800000e+00	

Index   time            v2#branch       vin             vout            
--------------------------------------------------------------------------------
983	7.346777e-02	-4.32221e-11	0.000000e+00	1.800000e+00	
984	7.356777e-02	4.322206e-11	0.000000e+00	1.800000e+00	
985	7.366777e-02	-4.32221e-11	0.000000e+00	1.800000e+00	
986	7.376777e-02	4.322206e-11	0.000000e+00	1.800000e+00	
987	7.386777e-02	-4.32221e-11	0.000000e+00	1.800000e+00	
988	7.396777e-02	4.322206e-11	0.000000e+00	1.800000e+00	
989	7.406777e-02	-4.32221e-11	0.000000e+00	1.800000e+00	
990	7.416777e-02	4.322206e-11	0.000000e+00	1.800000e+00	
991	7.426777e-02	-4.32221e-11	0.000000e+00	1.800000e+00	
992	7.436777e-02	4.322206e-11	0.000000e+00	1.800000e+00	
993	7.446777e-02	-4.32221e-11	0.000000e+00	1.800000e+00	
994	7.456777e-02	4.322206e-11	0.000000e+00	1.800000e+00	
995	7.466777e-02	-4.32221e-11	0.000000e+00	1.800000e+00	
996	7.476777e-02	4.322206e-11	0.000000e+00	1.800000e+00	
997	7.486777e-02	-4.32221e-11	0.000000e+00	1.800000e+00	
998	7.496777e-02	4.322206e-11	0.000000e+00	1.800000e+00	
999	7.506777e-02	-4.32221e-11	0.000000e+00	1.800000e+00	
1000	7.516777e-02	4.322206e-11	0.000000e+00	1.800000e+00	
1001	7.526777e-02	-4.32221e-11	0.000000e+00	1.800000e+00	
1002	7.536777e-02	4.322206e-11	0.000000e+00	1.800000e+00	
1003	7.546777e-02	-4.32221e-11	0.000000e+00	1.800000e+00	
1004	7.556777e-02	4.322206e-11	0.000000e+00	1.800000e+00	
1005	7.566777e-02	-4.32221e-11	0.000000e+00	1.800000e+00	
1006	7.576777e-02	4.322206e-11	0.000000e+00	1.800000e+00	
1007	7.586777e-02	-4.32221e-11	0.000000e+00	1.800000e+00	
1008	7.596777e-02	4.322206e-11	0.000000e+00	1.800000e+00	
1009	7.606777e-02	-4.32221e-11	0.000000e+00	1.800000e+00	
1010	7.616777e-02	4.322206e-11	0.000000e+00	1.800000e+00	
1011	7.626777e-02	-4.32221e-11	0.000000e+00	1.800000e+00	
1012	7.636777e-02	4.322206e-11	0.000000e+00	1.800000e+00	
1013	7.646777e-02	-4.32221e-11	0.000000e+00	1.800000e+00	
1014	7.656777e-02	4.322206e-11	0.000000e+00	1.800000e+00	
1015	7.666777e-02	-4.32221e-11	0.000000e+00	1.800000e+00	
1016	7.676777e-02	4.322206e-11	0.000000e+00	1.800000e+00	
1017	7.686777e-02	-4.32221e-11	0.000000e+00	1.800000e+00	
1018	7.696777e-02	4.322206e-11	0.000000e+00	1.800000e+00	
1019	7.706777e-02	-4.32221e-11	0.000000e+00	1.800000e+00	
1020	7.716777e-02	4.322206e-11	0.000000e+00	1.800000e+00	
1021	7.726777e-02	-4.32221e-11	0.000000e+00	1.800000e+00	
1022	7.736777e-02	4.322206e-11	0.000000e+00	1.800000e+00	
1023	7.746777e-02	-4.32221e-11	0.000000e+00	1.800000e+00	
1024	7.756777e-02	4.322206e-11	0.000000e+00	1.800000e+00	
1025	7.766777e-02	-4.32221e-11	0.000000e+00	1.800000e+00	
1026	7.776777e-02	4.322206e-11	0.000000e+00	1.800000e+00	
1027	7.786777e-02	-4.32221e-11	0.000000e+00	1.800000e+00	
1028	7.796777e-02	4.322206e-11	0.000000e+00	1.800000e+00	
1029	7.806777e-02	-4.32221e-11	0.000000e+00	1.800000e+00	
1030	7.816777e-02	4.322206e-11	0.000000e+00	1.800000e+00	
1031	7.826777e-02	-4.32221e-11	0.000000e+00	1.800000e+00	
1032	7.836777e-02	4.322206e-11	0.000000e+00	1.800000e+00	
1033	7.846777e-02	-4.32221e-11	0.000000e+00	1.800000e+00	
1034	7.856777e-02	4.322206e-11	0.000000e+00	1.800000e+00	
1035	7.866777e-02	-4.32221e-11	0.000000e+00	1.800000e+00	
1036	7.876777e-02	4.322206e-11	0.000000e+00	1.800000e+00	
1037	7.886777e-02	-4.32221e-11	0.000000e+00	1.800000e+00	
1038	7.896777e-02	4.322206e-11	0.000000e+00	1.800000e+00	
1039	7.906777e-02	-4.32221e-11	0.000000e+00	1.800000e+00	
1040	7.916777e-02	4.322206e-11	0.000000e+00	1.800000e+00	

Index   time            v2#branch       vin             vout            
--------------------------------------------------------------------------------
1041	7.926777e-02	-4.32221e-11	0.000000e+00	1.800000e+00	
1042	7.936777e-02	4.322206e-11	0.000000e+00	1.800000e+00	
1043	7.946777e-02	-4.32221e-11	0.000000e+00	1.800000e+00	
1044	7.956777e-02	4.322206e-11	0.000000e+00	1.800000e+00	
1045	7.966777e-02	-4.32221e-11	0.000000e+00	1.800000e+00	
1046	7.976777e-02	4.322206e-11	0.000000e+00	1.800000e+00	
1047	7.986777e-02	-4.32221e-11	0.000000e+00	1.800000e+00	
1048	7.996777e-02	4.322206e-11	0.000000e+00	1.800000e+00	
1049	8.000000e-02	-4.32221e-11	0.000000e+00	1.800000e+00	
